1,JH,1,家族の一員として家庭の仕事に協力するなど、家庭生活を大切にする心情を育むための学習活動を充実する。
2,JH,1,家族や地域の異世代の人々と関わるなど、人とよりよく関わる力を育成するための学習活動を充実する。
3,JH,1,食育を一層推進するための食事の役割や栄養・調理に関する学習活動を充実する。
4,JH,1,消費生活や環境に配慮した生活の仕方に関する内容を充実する。
5,JH,1,主として衣食住の生活において、日本の生活文化の大切さに気付く学習活動を充実する。
6,JH,1,学習した知識・技能を実生活で活用するために、家庭や地域と連携を図った生活の課題と実践に関する指導事項を設定することや、基礎的な知識・技能を確実に身に付けるために、一部の題材を指定することも考えられる。
7,JH,1,空間軸の視点は、主に自己と家庭、時間軸の視点は、現在及びこれまでの生活である。
8,JH,1,生活や学習の基盤となる食育を一層推進するために、「B衣食住の生活」の食生活に関する内容を中学校との系統性を図り、食事の役割、調理の基礎、栄養を考えた食事で構成し、基礎的・基本的な知識及び技能を確実に習得できるようにしている。
9,JH,1,持続可能な社会の構築に対応して、自立した消費者を育成するために、「C消費生活・環境」においては、「買物の仕組みや消費者の役割」に関する内容を新設するとともに、他の内容と関連を図り、消費生活や環境に配慮した生活の仕方に関する内容の改善を図っている。
10,JH,1,基礎的・基本的な知識及び技能の確実な定着を図るための内容の充実生活の科学的な理解を深め、生活の自立の基礎を培う基礎的・基本的な知識及び技能の習得を図るために、実践的・体験的な活動を一層重視するとともに、調理及び製作においては、一部の題材を指定することとしている。
11,JH,1,習得した知識及び技能などを実生活で活用するために、内容に「家族・家庭生活についての課題と実践」を新設し、他の内容と関連を図って一つ又は二つの課題を設定し、実践的な活動を家庭や地域などで行うなど、内容の改善を図っている。
12,JH,1,「生活の営みに係る見方・考え方」のうち、「協力・協働」については「家族や地域の人々との協力」、「生活文化の継承・創造」については「生活文化の大切さに気付くこと」を視点として扱うことが考えられる。
13,JH,1,衣食住や家族の生活などの家庭生活に関する内容を主な学習対象として、調理、製作等の実習や観察、調査、実験などの実践的・体験的な活動を通して、実感を伴って理解する学習を展開する。
14,JH,1,家庭科では、生命の維持や心身の成長発達などに関わる人間の基本的な営みが行われる家庭生活を主な学習対象としているので、家庭生活に関わりの深い人やもの、環境などとの関連を図りながら、食べることや着ること、住まうことなどを扱うことになる。
15,JH,1,実践的・体験的な活動を通して、具体的な学習を展開することにより、基礎的・基本的な知識及び技能を確実に身に付けるとともに、知識及び技能を活用して、身近な生活の課題を解決したり、家庭や地域で実践したりできるようにすることを目指している。
16,JH,1,生活をよりよくしようと工夫する資質・能力とは、家庭科の学習で育成を目指す資質・能力(「何ができるようになるか」)であり、生涯にわたって健康で豊かな生活を送るための自立の基礎として必要なものについて示したものである。
17,JH,1,本学校で習得することを目指す日常生活に必要とされる家族や家庭、衣食住、消費や環境などに関する「知識及び技能」は、生涯の生活における自立の基礎を培い、日常生活に応用・発展できるもの、生活における工夫・創造につながるものとして、健康で豊かな生活をするために必要なものである。
18,JH,1,既習の知識及び技能や生活経験を基に生活を見つめることを通して、日常生活の中から問題を見いだし、解決すべき課題を設定する力を育成する。
19,JH,1,課題解決の見通しをもって計画を立てる際、生活課題について自分の生活経験と関連付け、様々な解決方法を考える力を育成する。
20,JH,1,他者の思いや考えを聞いたり、自分の考えを分かりやすく伝えたりして計画について評価・改善し、よりよい方法を判断・決定できるようにする。
21,JH,1,調理や製作等の実習、調査、交流活動等を通して、課題の解決に向けて実践した結果を振り返り、考えたことを発表し合い、他者からの意見を踏まえて改善方法を考えるなど、実践活動を評価・改善する力を育成する。
22,JH,1,自分の考えを根拠や理由を明確にして分かりやすく説明したり、発表したりできるようにする。
23,JH,1,家庭や地域での実践については一連の学習過程として位置付けることが考えられる。
24,JH,1,資質・能力を活用し、家族生活を大切にする心情を育むとともに、家族や地域の人々と関わり、家庭生活をよりよくしようと工夫する実践的な態度を育成する。
25,JH,1,衣食住などの実践的・体験的な活動を通して、家庭生活を構成している家族などの「人」や衣服や食物などの「もの」、「時間」、「金銭」などの要素に関心をもつ。
26,JH,1,家庭生活はこれらの要素が互いに関連し合って営まれていることに気付くようにする。
27,JH,1,衣食住に関する生活行為や仕事が自分と人や物などを結び付けていること、それぞれの家族の関わり方や生活の仕方があること、また、自分の生活の在り方が周囲に影響を与えていることなどについて気付くようにする。
28,JH,1,家庭生活の要素や生活の営み、そこで生活する家族との関わりなどへの関心が高まることにより、生活の営みには家族を支えるという大切な意味があることに気付くようにする。
29,JH,1,日々、繰り返し営まれる家庭生活の中で家族と共に自分が成長していることを自覚し、衣食住を中心とした生活の営みを大切にしようとする意欲や態度を育まれる。
30,JH,1,自分の生活は家族との協力や、地域の人々との関わりの中で成り立っていること、家庭生活は自分と家族との関係だけではなく、地域の人々と関わることでより豊かになることを理解した上で、よりよい生活を工夫して積極的に取り組むことができる。
31,JH,1,様々な問題に気付き、一連の学習過程を通して身に付けた力を、家庭生活をよりよくするために生かして実践する。
32,JH,1,家庭科で身に付けた力を家庭、地域から最終的に社会へとつなげ、社会を生き抜く力とする。
33,JH,1,家庭科で養うことを目指す実践的な態度には、家族や地域の人々と関わり、協力しようとする態度のほかに、日本の生活文化を大切にしようとする態度、生活を楽しもうとする態度なども含まれている。
34,JH,1,加熱操作が適切にできるようにするために、ゆでる材料として青菜やじゃがいもなどを扱う。
35,JH,1,家庭や地域と連携を図った「家族・家庭生活についての課題と実践」を新設し、日常生活の中から問題を見いだして課題を設定し、習得した知識及び技能などを活用して課題を解決する力と生活をよりよくしようと工夫する実践的な態度を養うこととしている。
36,JH,1,「B衣食住の生活」では、住まいの主な働き、「C消費生活・環境」では消費者の役割を新たな内容として扱う。
37,JH,1,「A家族・家庭生活」の(1)「自分の成長と家族・家庭生活」のアで触れる「生活の営みに係る見方・考え方」における協力、健康・快適・安全及び持続可能な社会の構築等の視点との関連を図る。
38,JH,1,「C消費生活・環境」においては、持続可能な社会の構築に対応して、自立した消費者を育成するために、買物の仕組みや消費者の役割について扱うこととしている。
39,JH,1, (1)「自分の成長と家族・家庭生活」、(2)「家庭生活と仕事」、(3)「家族や地域の人々との関わり」、(4)「家族・家庭生活についての課題と実践」の4項目で構成されている。
40,JH,1,自分の成長を自覚し、衣食住などを中心とした生活の営みの大切さに気付くとともに、家族・家庭生活に関する知識及び技能を身に付け、日常生活の課題を解決する力を養い、家庭生活をよりよくしようと工夫する実践的な態度を育成する。
41,JH,1,「家族・家庭生活についての課題と実践」を新設し、日常生活の中から問題を見いだして課題を設定し、習得した知識及び技能を活用して様々な解決方法を考え、計画を立てて実践し、課題を解決する力と生活をよりよくしようと工夫する実践的な態度を育てることを意図している。
42,JH,1,道徳科や総合的な学習の時間等との関連を考慮するとともに、基礎的・基本的な知識及び技能の確実な定着を図るよう配慮する。
43,JH,1,自分の成長を自覚し、家庭生活と家族の大切さや家庭生活が家族の協力によって営まれていることに気付くこと。
44,JH,1,日常生活における様々な問題について、家族や地域の人々との協力、健康・快適・安全、持続可能な社会の構築等を視点として考え、解決に向けて工夫することが大切であることに気付かせる。
45,JH,1,これまでの自分の生活を振り返るとともに、自分の成長を自覚することを通して、家庭生活と家族の大切さや、家庭生活が家族の協力によって工夫して営まれていることに気付くことをねらいとしている。
46,JH,1,生活の営みに係る家族や地域の人々との協力、健康・快適・安全、持続可能な社会の構築等の視点から、日常生活における様々な問題について考え工夫する。
47,JH,1,これまでの自分の生活を振り返ることによって、自分の成長は衣食住などの生活に支えられているとともに、その生活が家族に支えられてきたことに気付くことができるようにする。
48,JH,1,家族の一員として自分が成長していることに気付いたり、学習を通してできるようになった自分に喜びを感じたりすることは、学習に取り組む意欲を高める上でも重要なことである。
49,JH,1,衣食住、消費や環境に係る生活を営む場である家庭生活は、自分の成長を支え、家族の健康、快適で安全な生活を支えるために重要であることに気付くことができるようにする。
50,JH,1,家庭生活は家族によって成り立っており、自分も家族を構成している大切な一人であることが分かり、家族の大切さに気付くこと。
51,JH,1,健康、快適で安全な家庭生活は、家庭の仕事を協力して行うなど、家族の協力によって営まれていることに気付くこと。
52,JH,1,日常生活の中から見いだした様々な問題について、健康・快適・安全、持続可能な社会の構築等を視点として解決に向けて工夫をすることが大切であることに気付くようにする。
53,JH,1,本学校入学時からの自分を振り返り、自分の周りでどのような衣食住の生活が営まれていたか、それらは自分の成長にどのように関わってきたかについて話し合う。
54,JH,1,どのような家庭生活を送りたいかなどについて考え、協力、健康・快適・安全、生活文化などの視点に気付かせたり、よりよい家庭生活の実現に向けて、できるようになりたいことなどを話し合ったりする。
55,JH,1,学期や学年の終わりなど学習の区切りの時期に、実践記録などから学習の成果を振り返ることを通して、自分の成長への気付きが段階的に深まるようにする。
56,JH,1,家庭には、家庭生活を支える仕事があり、互いに協力し分担する必要があることや生活時間の有効な使い方について理解する。
57,JH,1,家庭の仕事の計画を考え、工夫する。
58,JH,1,家庭生活と仕事について、課題をもって、家庭の仕事と生活時間に関する基礎的・基本的な知識を身に付け、家族の一員として生活時間の使い方を考え、家庭の仕事の計画を工夫することができるようにする。
59,JH,1,家庭との連携を図り、家庭での仕事を継続的に行うことにより、家庭生活について考えることができるようにする。
60,JH,1,家庭には衣食住や家族に関する仕事があり、自分や家族の生活を支えていることが分かるとともに、家族が協力し分担する必要があることや生活時間の有効な使い方について理解できるようにする。
61,JH,1,着たり食べたり住まうことに関わる仕事、家族に関する仕事等があり、家庭での生活は、それらの仕事の積み重ねによって、健康、快適で安全に営むことができることに気付くようにする。
62,JH,1,家族が互いの生活時間を工夫し、共に過ごしたり、仕事を分担したりするなど、協力し合って生活する必要があることについて理解できるようにする。
63,JH,1,協力することによって家族との触れ合いが充実し、家族への思いが深まることに気付くようにする。
64,JH,1,家族の間で仕事の分担を工夫して実行することや、進んで家庭の仕事に関わっていくことが必要であることについて理解できるようにする。
65,JH,1,生活時間が生活の中で行われている様々な活動に使われている時間であり、個人が自由に使う時間、食事や団らんなど家族と共に過ごす時間、家庭の仕事など家族と協力する時間などがあることを理解できるようにする。
66,JH,1,生活時間の有効な使い方とは、時間に区切りを付けたり、計画的に使ったりするなど、時間を工夫して使うことであることを理解できるようにする。
67,JH,1,家族の生活時間を考えながら、自分の生活時間の使い方を工夫することによって、家庭生活が円滑に営まれることに気付くことができるようにする。
68,JH,1,家庭の仕事については、家庭での家族の仕事を観察したり、インタビューしたりする。
69,JH,1,生活時間については、自分と家族の生活時間の使い方を比較するなどして、家族の生活や家庭の仕事と関連付けて、自分の生活時間の使い方を見直す。
70,JH,1,家族との協力や、健康・快適・安全などの視点から、家庭の仕事の計画を考え、工夫することができるようにする。
71,JH,1,課題を解決するための方法については、家庭の仕事の内容や手順を調べたり、家族に教えてもらったり、これまでの方法を振り返って発表し合ったりする活動などを通して、より効果的な家庭の仕事の仕方について検討できるようにする。
72,JH,1,実践の振り返りについては、計画どおりにできたこと、できなかったことなどを評価し、実践発表会などを通して、計画の改善点を提案したり、実践につなげたりすることができるようにする。
73,JH,1,効率よく整理・整頓や清掃を行うために、家族と協力して分担するための実践計画を考え、工夫する。
74,JH,1,家族との触れ合いや団らんの大切さについて理解する。
75,JH,1,家庭生活は地域の人々との関わりで成り立っていることが分かり、地域の人々との協力が大切であることを理解する。
76,JH,1,家族や地域の人々とのよりよい関わりについて考え、工夫する。
77,JH,1,家族や地域の人々との関わりについて、課題をもって、家族との触れ合いや団らん及び地域の人々との協力の大切さを理解し、家族や地域の人々との関わりに関する基礎的・基本的な知識を身に付け、よりよい関わりを考え、工夫することができるようにする。
78,JH,1,「B衣食住の生活」の(1)「食事の役割」、(2)「調理の基礎」と関連させて、家族との触れ合いや団らん、地域の人々との交流の機会にお茶を入れたり、果物や菓子などを供したりする。
79,JH,1,B(6)「快適な住まい方」と関連させて、生活音等を取り上げ、家族や地域の人々と共に快適に生活するための工夫を考え、実践する。
80,JH,1,C(2)「環境に配慮した生活」と関連させて、地域の人々と共に地域で環境に配慮した生活ができるように、家庭生活において工夫し実践する。
81,JH,1,個々の家庭の状況を十分に把握した上で、家庭や地域の人々の理解と協力を得て、適切な学習活動を行うようにする。
82,JH,1,日常生活の中で、家族に気持ちを伝えたり触れ合う場をもったりすることによって、家族相互のつながりが深まることが分かり、触れ合いや団らんの大切さについて理解できるようにする。
83,JH,1,食事や家庭の仕事などを共にしたり、あいさつや会話を通してコミュニケーションを図ったりするなどの家族との触れ合いや、家族などと和やかな時を過ごす団らんは、毎日の生活の中で何気なく行っているが、家族とのつながりを深める重要な生活行為であることを理解できるようにする。
84,JH,1,家族とのつながりを深めるためには、普段何気なく過ごしている触れ合いや団らんの時間を楽しくする工夫をすることが大切であることに気付くようにする。
85,JH,1,自分の思いがうまく伝わらなかったり、自分の考えを分かってもらえなかったりしたとき、自分の思いの表し方を工夫したり、相手の立場を理解したりすることが必要であることに気付くようにする。
86,JH,1,家族が直接触れ合うことだけではなく、例えば、手紙で思いを伝えたり、感謝の気持ちを表すために手作りの品にメッセージカードを添えたりするなど、家族がそろわなかったり触れ合う時間が十分なかったりしても心豊かな家庭生活を送るための工夫ができることに気付くようにする。
87,JH,1,家庭生活が地域の人々と関わりをもちながら成り立っていることが分かり、幼児や高齢者など異なる世代の人々との関わりや地域の人々との協力が大切であることを理解できるようにする。
88,JH,1,家庭生活が、家族の協力だけではなく、地域の人々との関わりで成り立っていることや関わりの大切さが分かるようにする。
89,JH,1,地域では幼児や高齢者など、様々な人々が生活しており、自分の生活にも関わりがあること、地域の人々との日常の関わりが、つながりや交流を深める上で大切であることが分かり、共に生活している地域の人々への思いやりの気持ちをもてるようにする。
90,JH,1,家族の人数が減ったり、高齢者が多くなったりする地域社会の中で、そこに住む様々な人々と共に協力し助け合って生活するために、ますます必要となる。
91,JH,1,快適で安全に生活するためには、地域の人々との関わりが必要であること、幼児や高齢者など、様々な人々と共に協力し助け合って生活することが大切であることについて理解できるようにする。
92,JH,1,自分の生活が、多くの人々と関わって成り立っており、自分勝手では成り立たないことに気付くようにする。
93,JH,1,自分の生活の快適さを求めていくことが他の人の迷惑になったり、我慢しなければならなかったりする場合もあり、よりよい生活を築いていくためには、地域の人々と協力し助け合っていく必要があることに気付くようにする。
94,JH,1,家庭や地域と積極的に連携を図り、具体的な場面から、家庭生活と地域とのつながりや地域の人々との協力の大切さについて気付くことができるよう配慮する。
95,JH,1,他教科等で行った交流活動等を振り返って、地域の人々との協力について話し合ったり、地域にはどのようなルールやマナーがあるのかを調べたりする活動などが考えられる。
96,JH,1,B(6)「快適な住まい方」との関連を図って、家族や地域の人々と快適に住まうために、生活の仕方によって発生する生活音等を取り上げて、自分の行動や生活を見直したりする活動などが考えられる。
97,JH,1,家族との触れ合いや団らん、地域の人々との関わりについての課題を解決するために、身に付けた基礎的・基本的な知識を活用し、家族や地域の人々との協力などの視点から、よりよい関わりについて考え、工夫することができるようにする。
98,JH,1,家族との触れ合いや団らんについて問題を見いだし、課題を設定するようにする。
99,JH,1,課題を解決するための方法については、家族の生活時間を見直し、触れ合いや団らんの時間や場を生み出し楽しくする方法などについて検討できるようにする。
100,JH,1,地域で共に生活している幼児や高齢者など、異なる世代の人々との関わりについて問題を見いだし、課題を設定するようにする。
101,JH,1,地域の人々との関係をよりよいものにするために、自分が協力できることなどについて検討できるようにする。
102,JH,1,家族との触れ合いや団らん及び地域の人々との関わりのいずれの場合にも、解決方法については、既習事項や自分の生活経験と関連付けて考え、適切な解決方法を選び、実践に向けて具体的に計画を立てることができるようにする。
103,JH,1,実践の振り返りについては、計画どおりにできたこと、できなかったことなどを評価し、実践発表会などを通して、計画の改善点などを提案したり、家族や地域の人々との関わりを更に深めるための実践につなげたりできるようにする。
104,JH,1,地域の人々との関わりについては、身近な地域の活動や行事等を取り上げ、具体的に考えられるようにする。
105,JH,1,家族との触れ合いや団らんについては、会話や遊びなど家族と直接的な触れ合いができる場と時間を作り出し、家族にお茶を入れたり、果物や菓子などを供したりすることを計画するなど、楽しく和やかに過ごすために工夫する活動などが考えられる。
106,JH,1,交流活動の機会に、布を使って製作したものをプレゼントしたり、一緒に遊んだりすることを計画するなど、関わり方を工夫する活動などが考えられる。
107,JH,1,日常生活の中から問題を見いだして課題を設定し、よりよい生活を考え、計画を立てて実践できること。
108,JH,1,実践的な活動を家庭や地域などで行うことができるよう、学校や地域の行事等と関連付けて学期中のある時期に実施したり、長期休業などを活用して実施したりする。
109,JH,1,どのような生活をしたいか、自分だけでなく家族や地域の人々にとってよりよい生活とはどのようなものなのかを考えることが大切である。
110,JH,1,個人又はグループで課題解決に取り組むことが考えられ、計画をグループで発表し合ったり、実践発表会を設けたりするなどの活動を工夫して、効果的に実践できるよう配慮する。
111,JH,1,行事等で交流したり協力したりすることを課題として設定し、交流会に向けて簡単な調理をしたり、必要な材料などを購入したりする計画を立てて実践する活動なども考えられる。
112,JH,1,家庭や地域と積極的に連携を図り、効果的な学習が進められるよう配慮するとともに、家庭や地域で実践する喜びを味わわせ、自信を育てるようにする。
113,JH,1,小・中・高等学校の内容の系統性及び学習対象の明確化を踏まえ、生活の自立の基礎として必要な衣食住に係る基礎的・基本的な知識及び技能を確実に身に付けることができるようにする。
114,JH,1,食生活、衣生活、住生活を総合的に捉え、生活の営みに係る見方・考え方を働かせ、健康・快適・安全で豊かな生活を営む視点から、衣食住の生活に係る課題を解決する力を養い、日常生活において実践できるようにする。
115,JH,1,課題をもって、健康・安全で豊かな食生活に向けて考え、工夫する活動を通して、食事の役割、調理の基礎、栄養を考えた食事に関する知識及び技能を身に付け、食生活の課題を解決する力を養い、食生活をよりよくしようと工夫する実践的な態度を育成する。
116,JH,1,調理を通して食品を扱った後に、料理や食品をどのように組み合わせて食べるのかを学習することにより、栄養・献立の基礎を確実に習得できるようにする。
117,JH,1,米飯及びみそ汁の調理については、和食の基本となるだしの役割に触れるなど日本の伝統的な食文化の大切さにも気付くことができるようにしている。
118,JH,1,理科、体育科などの教科等や学校給食との関連を考慮するとともに、第4学年までの食に関する学習との関連を図り、家庭科の特質に応じて、食育の充実に資するよう配慮する。
119,JH,1,食事の役割が分かり、日常の食事の大切さと食事の仕方について理解すること。
120,JH,1,楽しく食べるために日常の食事の仕方を考え、工夫すること。
121,JH,1,食事の役割について、課題をもって、日常の食事の大切さについて理解し、食事の役割や食事の仕方に関する基礎的・基本的な知識を身に付け、楽しく食べるために日常の食事の仕方を工夫することができるようにする。
122,JH,1,食事の大切さや役割について考えさせたり、家庭の食事づくりの実践を通して気付かせたりする。
123,JH,1,「家族や地域の人々との関わり」と関連させて、家族との触れ合いや団らんで楽しく食べるために必要な事柄について話し合う。
124,JH,1,食事の役割が分かり、日常の食事が大切であることや、日常の食事の仕方について理解できるようにする。
125,JH,1,食事は、健康を保ち、体の成長や活動のもとになることや、一緒に食事をすることで、人と楽しく関わったり、和やかな気持ちになったりすることなどについて理解できるようにする。
126,JH,1,規則正しい食事が生活のリズムをつくることや、朝食を食べることによって学習や活動のための体の準備ができることなどに触れるようにする。
127,JH,1,食事の役割を知ることで、日常の食事が大切であることについて理解できるようにする。
128,JH,1,食事の仕方については、はしの持ち方や食器の扱い方、食べるときの姿勢などに気を付けることや、人と共に食べるときには、食べる速さに配慮し、食事にふさわしい会話を考えるなど、楽しく食事をするために必要なマナーについて理解できるようにする。
129,JH,1,楽しく食事をするためには、食卓を工夫することも必要であることに気付くようにする。
130,JH,1,食事に対する感謝の気持ちを表すために、食事のあいさつをすること、供されたものを残さず食べるようにすることなどにも触れるようにする。
131,JH,1,食事の役割や食事の仕方について話し合ったり、実践したりして、具体的に理解できるよう配慮する。
132,JH,1,家庭の食事や学校給食などについて振り返り、おいしかったことや楽しかったことを話し合ったり、なぜ食べるのかについて考えたりすることを通して、食事の役割を知り、日常の食事の大切さに気付くようにする。
133,JH,1,お茶の入れ方や供し方、調理実習の試食等を体験しながら、はしや食器の扱い方などの日常の食事に必要とされるマナーや食事の配膳の仕方を具体的に扱う活動などが考えられる。
134,JH,1,家庭での食事の様子を取り上げる場合は、プライバシーに十分配慮する。
135,JH,1,体育科における健康によい生活に関する学習や、食育に関する学習と関連を図るよう配慮する。
136,JH,1,日常の食事の仕方についての課題を解決するために、身に付けた基礎的・基本的な知識を活用し、楽しく食べるために、健康などの視点から食事の仕方を考え、工夫することができるようにする。
137,JH,1,日常の生活の中から、人と共に楽しく食べるためのマナーや食卓の工夫について問題を見いだし、課題を設定するようにする。
138,JH,1,調理実習の試食や学校給食を振り返って食事の仕方について話し合ったり、家族との食事や団らんの実践についての意見交換をしたりすることなどを通して、楽しく食べるための工夫について検討できるようにする。
139,JH,1,楽しく食べるための食事の仕方を考え、食事の計画を立てたり、実践したことを評価・改善したりする際、グループや学級内で交流するなどの活動を工夫する。
140,JH,1,調理に必要な材料の分量や手順が分かり、調理計画について理解する。
141,JH,1,調理に必要な用具や食器の安全で衛生的な取扱い及び加熱用調理器具の安全な取扱いについて理解し、適切に使用できる。
142,JH,1,材料に応じた洗い方、調理に適した切り方、味の付け方、盛り付け、配膳及び後片付けを理解し、適切にできる。
143,JH,1,材料に適したゆで方、いため方を理解し、適切にできる。
144,JH,1,伝統的な日常食である米飯及びみそ汁の調理の仕方を理解し、適切にできること。
145,JH,1,おいしく食べるために調理計画を考え、調理の仕方を工夫する。
146,JH,1,学習の効果を高めるため、平易なものから段階的に学習できるよう計画する。
147,JH,1,ゆでたり、いためたりする調理や米飯及びみそ汁の調理について、課題をもって、調理に関する基礎的・基本的な知識及び技能を身に付け、おいしく食べるために調理計画を考え、調理の仕方を工夫することができるようにする。
148,JH,1,無理なく調理できるものを扱い、一人一人が自信をもって意欲的に楽しく学習ができるよう配慮する。
149,JH,1,ゆでたり、いためたりする調理については、材料を変えたり調理法を組み合わせたりして、平易なものから段階的に題材を発展させながら定着を図る。
150,JH,1,調理に必要な材料の分量や手順を考えて調理の計画を立てて、切ったり、ゆでたり、いためたりして簡単なおかずを作ったり、米飯及びみそ汁を作ったりする学習により、1食分の食事が整えられるようにする。
151,JH,1,みそ汁の調理については、和食の基本となるだしの役割についても触れるようにする。
152,JH,1,考えた献立の一部を実際に調理したり、調理で扱った食品を基に、食品の栄養的な特徴について学習したりする。
153,JH,1,食事や団らんを通して家族と楽しく関わるために、家族の好みなどを考えた献立を作成し、楽しく食事をするための工夫をするなどの実践的な学習として展開する。
154,JH,1,調理に用いる食品についてC(1)「物や金銭の使い方と買物」と関連させて必要な材料を購入し準備したり、C(2)「環境に配慮した生活」との関連を図って調理したりする。
155,JH,1,材料にアレルギーを引き起こす食品が含まれていないか、調理器具等に付着していないかなど、児童の状況に応じて、事故のないよう細心の注意を払う必要がある。
156,JH,1,調理に用いる食品については、日常生活で手に入りやすく、調理の基礎的事項を学ぶ上で適切な食品として、米、野菜、いも類、卵などを扱うことが考えられる。
157,JH,1,地域の特産、季節、成長期にある児童の栄養などを考慮して選択するようにする。
158,JH,1,調理のよさを実感できるようにするとともに、調理への自信をもたせ、日常生活に活用しようとする意欲につなげるよう配慮する。
159,JH,1,観察、実験、実習等を通して、調理に伴う食品の変化などについての理解を深めるとともに、体験したことを言葉や図表などを用いて表現したり、調理に関する言葉を実感を伴って理解したりする学習活動が充実するよう配慮する。
160,JH,1,家庭と連携して、身に付けた知識及び技能などを日常生活に活用できるよう配慮する。
161,JH,1,調理に必要な材料の分量や手順が分かり、手際よく調理を進めるための調理計画について理解できるようにする。
162,JH,1,材料は、調理の目的に応じて食品の組合せや食べる人の好みを考えて選択し、必要な分量は、一人分の量から考えておよその量が分かるようにする。
163,JH,1,食品をおいしく調理するためには、材料や調味料を正しく計量して用いるようにする。
164,JH,1,材料に応じた方法で計量できるよう、計量スプーン、計量カップ、はかりなど計量器具の使い方を理解できるようにする。
165,JH,1,複数の料理を作るときには、でき上がりの時間を考えて、何をどのような手順で調理するかを考えたり、身支度などの準備、食卓の用意、後片付けの時期なども考えたりする必要があることを理解できるようにする。
166,JH,1,手際よく調理を進めるために、調理するものによって必要な材料や調理器具、調理の手順を考え、準備から後片付けまでを見通して時間配分をすることなどが必要であることを理解できるようにする。
167,JH,1,作業の流れやグループでの協力の仕方などについて計画を立て、それに基づいて調理することにより、効率よく作業ができることを理解できるようにする。
168,JH,1,調理に必要な用具や食器を取り上げ、安全で衛生的な取扱いについて理解して適切に使用できるようにするとともに、加熱用調理器具の安全な取扱いについて理解し、適切に使用できるようにする。
169,JH,1,包丁の安全な取扱いと食器やまな板、ふきんの衛生的な取扱いについて理解し、適切に使用できるようにする。
170,JH,1,包丁は相手に刃を向けて渡さないようにし、置く場所や置き方を工夫することや、まな板は水でぬらし、ふきんでふいてから使うこと、ふきんと台ふきんを区別して使うことなどについて理解し、適切にできるようにする。
171,JH,1,実習で使用する加熱用調理器具の特徴が分かり、火傷の防止などに留意して、安全な取扱いができるようにする。
172,JH,1,加熱の仕方と関連させた火力について理解し、火力の調節ができるようにする。
173,JH,1,ガスこんろでは、周囲に燃えやすいものを置いていないか、換気をしているか、使用後に器具栓を閉めているかなどを確認できるようにする。
174,JH,1,IHクッキングヒーターでは、トッププレートに鍋やフライパンなどの用具以外のものを置いていないか、使用後に電源を切っているかなどを確認できるようにする。
175,JH,1,IHクッキングヒーターでは、使える鍋などの形状や材質がガスこんろの場合と異なることに触れるようにする。
176,JH,1,材料に応じた洗い方、調理や食べやすさに配慮した切り方、適度な味の付け方、おいしく見える盛り付け、適切な配膳及び後片付けを理解し、適切にできるようにする。
177,JH,1,食品の種類や調理の目的に応じた洗い方について理解し、適切にできるようにする。
178,JH,1,ほうれん草などの青菜は根や柄の付け根、葉のひだの部分に泥が付いている場合が多いことが分かり、水中で振り洗いをした後、流水で洗うことができるようにする。特に、生で食べるものは、衛生に留意して流水でよく洗うことができるようにする。
179,JH,1,包丁を使って切ったり、皮をむいたりすることができるようにする。
180,JH,1,形や大きさを整えることにより、熱の通りをよくしたり味をしみ込みやすくしたり食べやすくしたりするなど、目的に合った切り方について理解し、適切に切ることができるようにする。
181,JH,1,扱いやすい野菜などを用いて、包丁の使い方に慣れさせるようにする。
182,JH,1,食塩、しょうゆなどの塩味による味付けを中心として扱い、同じような料理でも味の付け方によって、味わいが違い、おいしく食べられることを理解できるようにする。
183,JH,1,食塩は、わずかな量の違いで味の濃さが異なることから、味見をするなどして、味を整えることができるようにする。
184,JH,1,どんな食器にどのように盛り付けるか、一人分ずつ盛り付けるか一皿にまとめて盛り付けるかなど、相手や目的に応じて工夫するとよいことを理解し、料理の分量や色どり、食べやすさを考えて、盛り付けることができるようにする。
185,JH,1,盛り付けによって、同じ料理でも食欲を喚起し、食事を楽しくするための雰囲気作りに役立つことに気付くようにする。
186,JH,1,食器の位置に配慮し、例えば、米飯及びみそ汁、はしなどを配膳する際には、我が国の伝統的な配膳の仕方があることが分かり、適切に配膳できるようにする。
187,JH,1,計画的に行うことの必要性が分かり、衛生的で環境に配慮した後片付けについて理解し、適切にできるようにする。
188,JH,1,環境に配慮した後片付けについては、調理をすることによって出たごみや残菜、油などを排水口に流さないようにしたり、適切に分別したりできるようにする。
189,JH,1,水や洗剤を必要以上に使用しないように、汚れを余り布や古紙などで拭き取ってから洗うようにする。さらに、仕事の能率だけでなく、次に使用する場合を考えて扱ったり、保管したりすることの大切さについても気付くようにする。
190,JH,1,洗い方や切り方を示範する場合には、実物投影機やタブレット端末等の情報機器を活用して、手元がよく見えるよう配慮する。また、盛り付けや配膳については、学校給食の時間などを活用したりして効果的な指導が行われるよう配慮する。
191,JH,1,ゆでたり、いためたりする調理の仕方について理解し、材料や調理の目的に応じて適切に加熱操作ができるようにする。
192,JH,1,硬い食品を柔らかくするなど、食べやすくおいしくするために目的に応じたゆで方があることを理解し、適切にゆでることができるようにする。
193,JH,1,ゆでる材料として青菜やじゃがいもなどを扱い、水からゆでるものと沸騰してからゆでるものがあることや、ゆでることによってかさが減るものは、多くの量を食べることができるなどの調理の特性を理解できるようにする。
194,JH,1,じゃがいもの芽や緑化した部分には、食中毒を起こす成分が含まれているので取り除く必要があることにも触れるようにする。
195,JH,1,フライパンなどで油を使い、かき混ぜながら加熱し、目的に応じたいため方があることを理解し、適切にいためることができるようにする。
196,JH,1,いためる調理については、調理の目的によっていためる時間や火力に違いがあることを理解できるようにする。
197,JH,1,野菜を弱い火力でいためると調理時間も長くなり水っぽくなるので、強火にして短時間でいためる方がよいことなどに気付くようにする。その際、油でいためることにより風味が増すことにも気付くようにする。
198,JH,1,幾つかの材料を組み合わせて調理し、材料に応じて切り方を変えたり、火の通りにくいものから順に加熱したり、あらかじめゆでたものをいためたりすることなどにも触れるようにする。
199,JH,1,実習や実験を取り入れ、ゆで方、いため方の手順の根拠について考えることができるよう配慮する。その際、観察して気付いたことを実感をもって言葉で表現する活動を取り入れるようにする。
200,JH,1,ゆで方については、食品の変化を実感させるために、野菜やいも類、卵などのゆで時間を変えて実験を行い、硬さ、色、味などを観察する活動などが考えられる。
201,JH,1,米飯とみそ汁が我が国の伝統的な日常食であることや、調理の仕方を理解し、適切に調理ができるようにする。
202,JH,1,米は、我が国の主要な農産物であり、主食として日本人の食生活から切り離すことができない食品であることを理解できるようにする。
203,JH,1,みそは、大豆の加工品であり、調味料として日本人には古くから親しまれている食品であり、それぞれの地方で特徴があるみそが生産されていることや、みそ汁は、日常の食生活では、米飯と組み合わせる場合が多いことを理解できるようにする。
204,JH,1,米の洗い方、水加減、浸水時間、加熱の仕方、蒸らしなど、硬い米が柔らかい米飯になるまでの炊飯に関する一連の操作や変化について理解し、炊飯することができるようにする。
205,JH,1,だしのとり方、中に入れる実の切り方や入れ方、みその香りを損なわない扱い方などを理解し、みそ汁を調理することができるようにする。
206,JH,1,みそ汁の実については、栄養のバランスや季節などを考えて幾つかの材料を組み合わせて調理し、材料に応じて切り方を変えたり、火の通りにくい物から順に加熱したりするなどの工夫が必要であることを理解できるようにする。
207,JH,1,和食の基本となるだしについては、煮干しや昆布、かつお節など様々な材料からだしをとることについて触れ、みそ汁にだしを使うことで風味が増すことを理解できるようにする。
208,JH,1,体験的な活動を通して、なぜそうするのか、手順の根拠について考えたり、観察して気付いたことなどを実感をもって言葉で表現したりする学習活動を取り入れ、理解を深めるよう配慮する。
209,JH,1,だしをとって作ったみそ汁とだしをとらずに作ったみそ汁を比較し、だしの役割について話し合う活動などが考えられる。
210,JH,1,米飯の調理については、自動炊飯器による炊飯は対象としていないが、他の調理を学習するに当たって、1食分の食事として米飯と組み合わせて調理する場合には、自動炊飯器を利用することも考えられる。
211,JH,1,基礎的な調理についての課題を解決するために、身に付けた基礎的・基本的な知識及び技能を活用し、おいしく食べるために、健康・安全などの視点から、調理計画や調理の仕方を考え、工夫することができるようにする。
212,JH,1,効率よく作業するために、調理の手順やグループでの協力の仕方、時間配分などについて問題を見いだし、課題を設定するようにする。
213,JH,1,課題を解決するための方法については、グループで話し合う活動を通して、調理計画が目的に合ったものかどうかなどについて検討できるようにする。
214,JH,1,おいしく食べるために、調理の手順や、材料の切り方、加熱の仕方、味の付け方、盛り付けなどの調理の仕方について問題を見いだし、課題を設定するようにする。
215,JH,1,食べる人のことを考えて、材料の切り方、加熱の仕方、味の付け方、盛り付けなどを検討したり、でき上がり時間を考えて手順を検討したりできるようにする。
216,JH,1,調理計画及び調理の仕方のいずれの場合にも、既習事項や自分の生活経験と関連付けて考え、適切な解決方法を選び、実践に向けて具体的に計画を立てることができるようにする。
217,JH,1,調理後の振り返りについては、計画どおりにできたこと、できなかったこと、あるいは実践の中で考え、工夫したことなどを評価し、意見交流などを通して、どのように改善したらよいかを考えることができるようにする。
218,JH,1,調理の仕方を考えて計画を立てたり、実践したことを評価・改善したりする際、グループや学級内で交流するなどの活動を工夫する。
219,JH,1,米飯とみそ汁、ゆでたりいためたりする調理、それらを組み合わせた朝食などについて、調理計画を考え、調理の仕方を工夫する活動などが考えられる。
220,JH,1,学校での学習を家庭での実践として展開し、実生活で活用するために、調理計画においては、一人で調理する場合の計画についても考えることができるよう配慮する。
221,JH,1,体に必要な栄養素の種類と主な働きについて理解すること。
222,JH,1,食品の栄養的な特徴が分かり、料理や食品を組み合わせてとる必要があることを理解すること。
223,JH,1,献立を構成する要素が分かり、1食分の献立作成の方法について理解すること。
224,JH,1,1食分の献立について栄養のバランスを考え、工夫すること。
225,JH,1,五大栄養素と食品の体内での主な働きを中心に扱うこと。
226,JH,1,栄養を考えた食事について、課題をもって、栄養素の種類と主な働き、食品の栄養的特徴及び1食分の献立作成に関する基礎的・基本的な知識を身に付け、栄養のバランスを考えた1食分の献立を工夫することができるようにする。
227,JH,1,五大栄養素と食品の体内での主な働きを中心に扱い、中学校での日本食品標準成分表や食事摂取基準、食品群別摂取量の目安などの学習につなげるよう配慮する。
228,JH,1,体に必要な栄養素の種類と主な働きについて理解し、栄養を考えて食事をとることの大切さが分かるようにする。
229,JH,1,人が生命を維持したり、活動したり、さらに、成長したりするために必要な成分を栄養素ということ。
230,JH,1,食品に含まれる栄養素には、炭水化物、脂質、たんぱく質、無機質、ビタミンがあり、五大栄養素と呼ばれていること。
231,JH,1,炭水化物や脂質は主として体内で燃焼することによりエネルギーに変わり、体温の保持や活動のために使われること。
232,JH,1,たんぱく質は主として体をつくるのに役立つが、エネルギー源としても利用されること。
233,JH,1,無機質については、カルシウムなどがあり、カルシウムは骨や歯の成分となるが、体の調子を整える働きもあること。
234,JH,1,ビタミンには体の調子を整える働きがあることを理解できるようにする。
235,JH,1,名称や働きを覚えることだけに重点を置くのではなく、体に必要な栄養素を食事によってとっていることに気付き、栄養を考えて食事をとることの大切さが分かるよう配慮する。
236,JH,1,日常食べている食品に主に含まれる栄養素の種類や働きを調べて発表したり、栄養を考えて食事をとるにはどうしたらよいかを話し合ったりする活動などが考えられる。
237,JH,1,理科における植物の種子の中の養分に関する学習で扱うでんぷんとの関連を図り、でんぷんは炭水化物の一つであることに触れること。
238,JH,1,食品は含まれる栄養素の特徴により三つのグループに分けることができることや、料理や食品を組み合わせてとる必要があることが理解できるようにする。
239,JH,1,食品に含まれる栄養素の特徴により、「主にエネルギーのもとになる」、「主に体をつくるもとになる」、「主に体の調子を整えるもとになる」の三つのグループに分けられることが分かり、日常の食事に使われる食品をグループに分類することができるようにする。
240,JH,1,「主にエネルギーのもとになる」グループの食品には、米や麦、油などがあり、主に炭水化物や脂質が多く含まれること。
241,JH,1,「主に体をつくるもとになる」グループの食品には、魚、肉、卵、大豆、牛乳などがあり、主にたんぱく質が多く含まれること。
242,JH,1,牛乳にはたんぱく質のほかに無機質であるカルシウムも多く含まれること。
243,JH,1,「主に体の調子を整えるもとになる」グループの食品には、野菜や果物などがあり、主にビタミンや無機質が多く含まれること。
244,JH,1,栄養素には多くの種類があり、健康の保持や成長のためにはそれらの全てを摂取しなければならないが、1種類の食品で全ての栄養素を必要量含んでいるものはないので、料理や食品を上手に組み合わせてとる必要があること。
245,JH,1,「主にエネルギーのもとになる」、「主に体をつくるもとになる」、「主に体の調子を整えるもとになる」の三つのグループの食品を組み合わせたり、主食、主菜、副菜などの料理を組み合わせたりすることにより、栄養のバランスがよい食事になることを理解できるようにする。
246,JH,1,食品をグループに分けることについて、食品には複数の栄養素が含まれていることから、必ずしもいずれかのグループに厳密に分類しなくてもよい場合もあることに配慮する。
247,JH,1,日常の食事や学校給食に使われている食品、調理実習で使った食品を調べてグループ分けする活動などを通して、多数の食品を食べていることを実感したり、食品の栄養的な特徴を具体的に理解できるようにしたりする活動などが考えられる。
248,JH,1,献立を構成する要素として主食、主菜、副菜があることが分かり、1食分の献立作成の方法について理解できるようにする。
249,JH,1,主食、主菜、副菜を扱い、これらの組合せで1食分の食事が構成されていることが分かるようにする。
250,JH,1,主食には「主にエネルギーのもとになる」食品、主菜には「主に体をつくるもとになる」食品、副菜には「主に体の調子を整えるもとになる」食品が多く含まれているので、主食、主菜、副菜を組み合わせることで、三つのグループの食品がそろった1食分の献立となることを理解できるようにする。
251,JH,1,主食、主菜、副菜などの組合せを考え、それぞれの料理に含まれている食品を三つのグループに分けて栄養のバランスを確認し、必要に応じて料理や汁物の実などを工夫すればよいことを理解できるようにする。
252,JH,1,献立作成については、主に栄養のバランスを中心に考えるが、色どりや味のバランスについても気付くようにする。このほかに、好みや季節、費用などの観点が考えられるが、ここでは料理や食品の組合せに重点を置くこととする。
253,JH,1,米飯とみそ汁を中心とした1食分を扱い、具体的に献立作成の方法を理解できるよう配慮する。例えば、主菜、副菜を例示の中から選択し、献立に含まれる食品を三つのグループに分けて栄養バランスを確認する活動などが考えられる。
254,JH,1,学校給食の献立などの身近な献立を調べる活動を通して、主食、主菜、副菜の組合せにより、栄養のバランスがよくなることに気付き、組み合わせることの大切さが分かるよう配慮する。
255,JH,1,栄養を考えた食事についての課題を解決するために、身に付けた基礎的・基本的な知識を活用し、健康などの視点から、栄養のバランスを考え、1食分の献立を工夫することができるようにする。
256,JH,1,1食分の食事内容について問題を見いだし、課題を設定するようにする。
257,JH,1,料理カードやデジタル教材を参考にしたり、自分が考えた献立の工夫について発表したりするなどの活動を通して、栄養のバランスを考慮した1食分の献立について検討できるようにする。
258,JH,1,献立作成で考えたことや工夫したことなどを評価し、発表し合う活動などを通して、どのように改善して生活に生かしたらよいかを考えることができるようにする。
259,JH,1,調理実習と関連を図り、米飯とみそ汁、ゆでたりいためたりしたおかずにどのような料理や食品を加えれば1食分の献立として栄養のバランスがよくなるのかを考え、工夫する活動などが考えられる。
260,JH,1,遠足・集団宿泊的行事などと関連を図り、料理や食品を選んで食事をする際には、どのように組み合わせて食べたらよいのかを考え、工夫する活動なども考えられる。
261,JH,1,家庭科などの食に関する指導を中核として、学校教育活動全体で一貫した取組を一層推進することが重要である。
262,JH,1,米飯とみそ汁の調理やだしの役割など、日本の伝統的な食文化の大切さに気付くことができるようにすることを重視している。
263,JH,1,日常の食事を大切にする心、心身の成長や健康の保持増進の上で望ましい栄養や食事のとり方、食品の品質及び安全性等に関する基礎的・基本的な知識、調理に関する基礎的・基本的な知識及び技能などを総合的に育むとともに、食文化についても扱うこととしている。
264,JH,1,課題をもって、健康・快適・安全で豊かな衣生活に向けて考え、工夫する活動を通して、衣服の着用と手入れ、生活を豊かにするための布を用いた製作に関する知識及び技能を身に付けることをねらいとしている。
265,JH,1,生活の中にある布を用いた物に関心をもち、布の特徴を生かして生活を豊かにするための物を考えて製作できるようにするとともに、生活を楽しもうとする態度の育成につなげること。
266,JH,1,製作における基礎的・基本的な知識及び技能を確実に習得するために、袋など一部の題材を指定している。
267,JH,1,「A家族・家庭生活」で触れた健康・快適・安全などの視点と関連させて、衣服の着用、手入れの大切さに気付かせるようにしている。
268,JH,1,季節に合わせた着方などにおいて、衣生活文化の大切さに気付くこと。
269,JH,1,衣服の主な働きが分かり、季節や状況に応じた日常着の快適な着方について理解すること。
270,JH,1,日常着の手入れが必要であることや、ボタンの付け方及び洗濯の仕方を理解し、適切にできること。
271,JH,1,日常着の快適な着方や手入れの仕方を考え、工夫すること。
272,JH,1,衣服の着用と手入れについて、課題をもって、衣服の主な働きや季節や状況に応じた日常着の快適な着方、手入れの仕方に関する基礎的・基本的な知識及び技能を身に付け、着用と手入れの仕方を工夫することができるようにする。
273,JH,1,ボタン付けを製作の中で取り扱ったり、暑さ・寒さに関する住まい方の工夫の学習と暑さ・寒さを防ぐための着方の学習とを組み合わせたり、日常着の手入れを家庭で分担できる仕事や家族への協力につなげて実践させたりすること。
274,JH,1,自分の衣服の選び方及び着方と環境との関わりを見直し、省エネルギーの意識につなげたり、水や洗剤を無駄にしない洗濯の仕方を工夫したりすること。
275,JH,1,衣服の主な働きとして、保健衛生上及び生活活動上の働きが分かり、それらと関わらせて季節や状況に応じた日常着の快適な着方について理解できるようにする。
276,JH,1,保健衛生上の働きとして、暑さ・寒さを防いだり、皮膚を清潔に保ったり、ほこりや害虫、けがなどから身体を守ったりすることなどが分かるようにする。
277,JH,1,生活活動上の働きとして、身体の動きを妨げず、運動や作業などの活動をしやすくすることなどが分かるようにする。その際、安全の確保や危険の回避のために、目立つ色の上着を着たり、帽子をかぶったりすることなどにも触れるようにする。
278,JH,1,暑い季節には汗を吸収しやすい衣服を選んだり、寒い季節には重ね着をしたりすることを理解できるようにする。
279,JH,1,生活場面などに応じて、野外で活動する際、体温を調節するために脱ぎ着ができる衣服を着たり、長いズボンを選んではいたりすることを理解できるようにする。
280,JH,1,衣服の主な働きについては、日常生活における衣服の着方と関連させて理解できるよう配慮する。
281,JH,1,例えば、生活の中で場面に応じて着替える理由を考えたり、夏を涼しく冬を暖かく過ごすための衣服の選び方や着方、気温の変化に応じた着方を話し合ったりする活動などが考えられる。
282,JH,1,季節や状況に応じた日常着の着方については、観察や実験を通して具体的に考えられるよう配慮する。
283,JH,1,実際に衣服を重ねて着た際の暖かさを比べたり、動作による身体の動きを観察したり、実験を通して布の特徴を調べたりする活動などが考えられる。
284,JH,1,夏の涼しい着方と関連付けて日本の伝統的な衣服であるゆかたに触れる。
285,JH,1,衣服を大切に扱い、気持ちよく着るために、日常の手入れが必要であることが分かり、ボタン付けや洗濯の仕方を理解し、適切にできるようにする。
286,JH,1,日常着などの衣服を快適に着るために、それらを大切に扱い、脱いだ衣服を点検し、手入れすることが必要であることを理解できるようにする。
287,JH,1,ボタンが取れる前に付け直したり、衣服の汚れを落とすために洗濯したりすることが、日常の身だしなみのために必要であることに気付くようにする。
288,JH,1,季節の変わり目には、次の季節にも気持ちよく着るために衣替えを行い、適切に管理することが必要であることにも触れるようにする。
289,JH,1,衣服の打ち合わせをとめるために必要であること、また、繰り返しとめたりはずしたりするために丈夫に付けることが必要であること及びそのための付け方を理解し、適切にできるようにする。
290,JH,1,日常着の洗濯に必要な洗剤、用具及び洗い方などを理解し、洗濯ができるようにする。
291,JH,1,洗濯には、洗濯物の状態や汚れの点検、洗う、すすぐ、絞る、干すなどの手順があることや、それぞれの作業が必要であることを理解し、適切にできるようにする。
292,JH,1,手洗いを中心として学習し、電気洗濯機を用いる場合にも、状況によって事前に手洗いする意義に気付くことができるようにする。
293,JH,1,電気洗濯機については、脱水に使用したり手洗いと比較したりする程度に扱うようにする。
294,JH,1,洗剤については、働きなどは中学校で扱うので、量を中心に扱い、洗剤の量を考えた水を無駄にしない洗濯の仕方についても触れるようにする。
295,JH,1,日常着のボタンや汚れなどの観察を通して、家族や自分が日頃行っている手入れの仕方について話し合う活動などが考えられる。
296,JH,1,靴下や体育着などの手洗いを通して、水だけの場合や、道具を使った場合の汚れの落ち方、乾きやすい干し方などについて結果を発表し合う活動が考えられる。
297,JH,1,衣服の着用と手入れについての課題を解決するために、基礎的・基本的な知識及び技能を活用し、健康・快適などの視点から、日常着の快適な着方や手入れの仕方を考え、工夫することができるようにする。
298,JH,1,季節や状況についての問題を見いだし、課題を設定するようにする。
299,JH,1,生活経験について意見交流したりすることを通して、季節や状況に合わせた快適な着方について検討できるようにする。
300,JH,1,日常着の手入れに関する問題を見いだし、課題を設定するようにする。
301,JH,1,状況に応じた効果的な手入れの仕方や汚れの度合いに応じた洗い方を試したり、環境に配慮した手入れの仕方や洗い方の工夫を調べたりする。
302,JH,1,「家庭生活と仕事」と関連させて自分でできることや家族に協力できることを話し合ったりする活動などを通して、手入れや洗濯の仕方について検討できるようにする。
303,JH,1,日常着の快適な着方及び日常着の手入れの仕方のいずれの場合にも、解決方法については、既習事項や自分の生活経験と関連付けて考え、適切な解決方法を選び、実践に向けて具体的に計画を立てることができるようにする。
304,JH,1,実践の振り返りについては、計画どおりに実践できたこと、できなかったこと、あるいは実践活動の中で考えたことなどを評価し、実践発表会などを通して、どのように改善したらよいかを考えることができるようにする。
305,JH,1,解決方法を考え、計画を立てたり、実践したことを評価・改善したりする際、グループや学級内で交流するなどの活動を工夫する。
306,JH,1,日常着の快適な着方については、夏を涼しく、冬を暖かく過ごすための着方を取り上げて比較したり、野外活動を取り上げて、山登りなどの活動や気温の変化に応じた着方を検討したりして、快適な着方について考え、工夫する活動などが考えられる。
307,JH,1,身近な衣服の手洗いを取り上げて、洗剤の量、水の温度、洗い方などによる違いを比較して、効果的な洗い方について考えたり、干し方を変えて衣服の形の変化を観察したりして、手洗いの仕方を見直して工夫する活動などが考えられる。
308,JH,1,製作に必要な材料や手順が分かり、製作計画について理解すること。
309,JH,1,手縫いやミシン縫いによる目的に応じた縫い方及び用具の安全な取扱いについて理解し、適切にできること。
310,JH,1,日常生活で使用する物を入れる袋などの製作を扱うこと。
311,JH,1,生活を豊かにするための布を用いた製作について、課題をもって、製作に必要な材料や手順、製作計画、手縫いやミシン縫い及び用具の安全な取扱いに関する基礎的・基本的な知識及び技能を身に付け、製作計画を考え、製作を工夫することができるようにすることをねらいとしている。
312,JH,1,身の回りの生活を快適にしたり、便利にしたり、楽しい雰囲気を作り出したりするなど、布の特徴を生かして自分や身近な人の生活を豊かにする物を製作することである。
313,JH,1,布を用いた製作において大切なゆとりや縫いしろの必要性を理解するために、日常生活で使用する物を入れるための袋などの題材を扱うようにする。
314,JH,1,住まいを快適にしたり、楽しい雰囲気にしたりする物を考えて製作する。
315,JH,1,家族が喜ぶ物や地域の人々に役立つ物を考えて製作計画に生かしたりすることなどが考えられる。
316,JH,1,家庭にある布や不用な衣服の一部分を活用したり、環境に配慮した材料について考えたりすることなどが考えられる。
317,JH,1,製作に必要な材料や製作手順が分かるとともに、製作する物や使い方などに応じた製作計画の必要性と計画の立て方を理解できるようにする。
318,JH,1,材料の布は、しるしが付けやすい、裁ちやすい、ほつれにくい、縫いやすいなどの扱いやすさや、丈夫さなどの性質を考え、製作する物の目的や使い方に応じて適したものを選ぶ必要があることを理解できるようにする。
319,JH,1,布の性質に適した糸や製作する物に応じて準備する材料についても触れるようにする。
320,JH,1,布には、様々な色や柄があり、しなやかに物の形や動きに沿ったり、繰り返し洗ったりできる性質があることに気付くことができるようにする。
321,JH,1,製作手順として、計画、準備、製作、仕上げ、片付けといった作業の流れがあり、効率や安全のために作業の順番を決める必要があることを理解できるようにする。
322,JH,1,準備作業としては、裁った布にしるしを付けたり、まち針で布と布をとめたり、しるしを合わせたりすることなどがあり、仕上げの作業としては、縫った後に縫い目を整えたり、糸の始末をしたり、アイロンをかけたりすることなどがあることを理解できるようにする。
323,JH,1,製作する物の目的に応じて、どのような機能があればよいのかを踏まえ、形や大きさを考えることが必要であることが分かるようにする。
324,JH,1,布の形や大きさを決めることについて、でき上がりの寸法に縫いしろ分を加えたり、余裕をもって覆ったり出し入れしたりするためのゆとりの分量を考えたりする必要があることが分かり、その見積もり方を理解できるようにする。
325,JH,1,不織布などを使って考えたり、必要な寸法を測ったり、又は既にある物を観察したりするなどの方法が考えられる。
326,JH,1,布や布で作られた物に対する関心を高めたり、でき上がりを具体的に思い描いたりして、製作への意欲をもたせるよう配慮する。
327,JH,1,日本で昔から使われているふろしきや手ぬぐいを用いて布の特徴や使い方を考え、布で作られた物のよさに気付かせる活動などが考えられる。
328,JH,1,製作手順の根拠について考え、製作の見通しをもつことができるよう配慮する。
329,JH,1,布製品の実物を観察して製作手順を考えたり、段階見本等を用いて確かめたりする活動などが考えられる。
330,JH,1,手縫いやミシン縫いの仕方が分かり、それらを使った目的に応じた縫い方を理解するとともに、それらの作業に必要な用具の安全な取扱いについて理解し、適切にできるようにする。
331,JH,1,手縫いをするためには、縫い針に糸を通したり、糸端に玉結びや玉どめをしたり、布を合わせて縫ったりする必要があることを理解できるようにする。
332,JH,1,手縫いとして、なみ縫い、返し縫い、かがり縫いなどの縫い方を扱うようにする。
333,JH,1,縫い方にはそれぞれ特徴があり、縫う部分や目的に応じて、適した手縫いを選ぶ必要があることを理解し、できるようにする。
334,JH,1,なみ縫いについては、2〜3針続けて縫う程度でもよいと考えられる。また、手縫いに用いる糸の適切な長さや扱い方などについても理解できるようにする。
335,JH,1,ミシン縫いについては、丈夫で速く縫えるという特徴や使い方が分かり、直線縫いを主としたミシン縫いができるようにする。
336,JH,1,ミシンの使い方については、上糸、下糸の準備の仕方や縫い始めや縫い終わりや角の縫い方を考えた処理の仕方など、ミシン縫いをするために必要な基本的な操作を中心に学習する。
337,JH,1,製作に当たって適切な用具を正しく使うことが作業を効率的に進める上で大切であることを理解できるとともに、針、まち針、糸切りはさみ、裁ちばさみ、計測用具、しるし付けの用具など、製作に必要な用具が分かり、安全に十分留意しながら使用することができるようにする。
338,JH,1,針類、はさみ類、アイロン、ミシンなどの用具については、慎重な針の扱い、はさみの安全な使い方や渡し方、アイロンの置き方、ミシンの安全な出し入れや移動などにも触れるようにする。
339,JH,1,製作過程において、なぜ、そのように縫うのかなど、手順の根拠について理解できるよう配慮する。
340,JH,1,製作品の使い方に応じて、丈夫に縫ったり、針目の大きさを変えて縫ったり、ほつれやすい布端を始末したりすることの必要性に気付かせ、製作計画を見直す活動などが考えられる。
341,JH,1,製作する喜びを味わいながら手縫いなどの基礎的・基本的な知識及び技能が身に付くよう配慮する。
342,JH,1,製作物の見本や製作の順序に応じた標本、試行用の教材などを準備し、自分で課題の解決ができるように学習環境の整備について配慮する。
343,JH,1,用具の安全な取扱いについては、危険防止や安全点検の確認を習慣化できるようにする。
344,JH,1,生活を豊かにするための製作を進めるために、製作手順などについて問題を見いだし、課題を設定するようにする。
345,JH,1,製作計画が目的に合ったものか、製作手順が適切であるかなどについて検討できるようにする。
346,JH,1,作品を仕上げるための製作手順や、手縫いやミシン縫いによる縫い方などについて問題を見いだし、課題を設定するようにする。
347,JH,1,縫う部分に応じた縫い方であるかについて、縫い方見本を観察したり、試し縫いをしたりして、身に付けた技能を生かした縫い方を検討し、計画に合わせて効率よく製作できるようにする。
348,JH,1,計画どおりにできたこと、できなかったこと、あるいは製作の中で考え、工夫したことなどを評価し、実践発表会などを通して、どのように改善したらよいかを考えることができるようにする。
349,JH,1,解決方法を考え、計画を立てたり、製作について評価・改善したりする際、グループや学級内で交流するなどの活動を工夫する。
350,JH,1,課題を解決できた達成感や製作の喜びを味わい、製作への意欲を高めたり、製作した物を日常生活で活用する楽しさや手作りのよさを味わったりすることができるよう配慮する。
351,JH,1,生活を豊かにするための目的に合っているかどうか、製作手順や用いる技能、製作時間、材料などが適切かどうかについて検討し、計画を見直して改善する活動などが考えられる。
352,JH,1,仕上がった作品を観察したり、作り方を比較したりすることを通して、布製品を評価する視点を考え、製作計画に生かす活動なども考えられる。
353,JH,1,布を用いた物の製作については、例えば、手縫いやミシン縫いを用いて飾り縫いをしたり、はぎれやボタンなどを用いて作品を飾ったりして工夫する活動などが考えられる。
354,JH,1,「住まいの主な働き」の学習を通して、住生活の大切さに気付かせることを意図している。
355,JH,1,騒音については「A家族・家庭生活」の(3)「家族や地域の人々との関わり」と関連させて扱うことなどが考えられる。
356,JH,1,カビ・ダニ等については、「通風・換気」や「清掃」と関連させて扱うことなどが考えられる。
357,JH,1,季節に合わせた住まい方において、住生活文化の大切さに気付くことができるようにしている。
358,JH,1,住まいの主な働きが分かり、季節の変化に合わせた生活の大切さや住まい方について理解すること。
359,JH,1,住まいの整理・整頓や清掃の仕方を理解し、適切にできること。
360,JH,1,季節の変化に合わせた住まい方、整理・整頓や清掃の仕方を考え、適切な住まい方を工夫すること。
361,JH,1,主として暑さ・寒さ、通風・換気、採光、及び音を取り上げること。
362,JH,1,暑さ・寒さについては、日常着の快適な着方と関連を図ること。
363,JH,1,快適な住まい方について、課題をもって、住まいの主な働きや季節の変化に合わせた住まい方、住まいの整理・整頓や清掃の仕方に関する基礎的・基本的な知識及び技能を身に付け、快適な住まい方を工夫することができるようにすることをねらいとしている。
364,JH,1,夏季に涼しく、冬季に暖かく過ごすために住まい方と着方を組み合わせて工夫したり、整理・整頓や清掃を実践したりすることなどが考えられる。
365,JH,1,家庭内や近隣の音を取り上げ、家族や地域の人々と共に快適に住まうために工夫することなどが考えられる。
366,JH,1,冷暖房機器の利用を省エネルギーにつなげたり、整理・整頓を不用品の活用等につなげたりすることなどが考えられる。
367,JH,1,住まいの主な働きが分かり、季節の変化に合わせて自然を生かして生活することの大切さについて理解するとともに、暑さ・寒さへの対処の仕方やそれらと通風・換気との関わり、適切な採光及び音と生活との関わりについて理解できるようにする。
368,JH,1,季節の変化に合わせた住まい方と関連させて取り上げることとし、人々が家の中で安心して快適に住まうことができるように、主として雨や風、暑さ・寒さなどの過酷な自然から人々を守る生活の器としての働きが分かるようにする。
369,JH,1,我が国が四季の変化に富むことから、冷暖房機器にたよる生活を見直し、季節の変化に合わせて日光や風など自然の力を効果的に活用する方法について考え、健康・快適の視点から、自然を生かした生活の大切さについて理解できるようにする。
370,JH,1,昔と今の住まい方を比べる活動を取り入れるなどして、住まい方における日本の生活文化に気付くことができるようにする。
371,JH,1,身の回りを快適に整えるために、季節の変化に合わせて室内の温度や湿度、空気の流れを調節したり、適度な明るさを取り入れたりすることが大切であることを理解できるようにする。
372,JH,1,暑さ・寒さへの対処の仕方については、室内の温度や湿度、空気の流れを調節することにより室内の環境を快適に保つことができることを理解できるようにする。
373,JH,1,空気の流れについては、夏季に涼しく過ごすための通風又は冬季に室内の汚れた空気を入れ換えるための換気の必要性が分かり、効果的な通風又は換気の仕方を理解できるようにする。
374,JH,1,空気の流れによって湿度を調整し、結露やカビ・ダニ等の発生を防止できることにも気付くようにするとともに、湿度のほかに様々な物質を含めて室内の空気を入れ換えることの大切さにも触れるようにする。
375,JH,1,健康のために冷房機器などを効果的に利用することや、暖房機器の安全な使い方についても触れるようにする。
376,JH,1,自然を上手に利用する方法について、夏季には通風と併せて太陽の熱をさえぎること、冬季には太陽の暖かさを取り込むことなどを理解できるようにする。その際、樹木や植物などを効果的に活用することなどにも触れるようにする。
377,JH,1,採光については、勉強や読書をする場合を取り上げるなど、身近な生活と目の健康とを関連させ、適度な明るさを確保する必要とその方法を理解できるようにする。
378,JH,1,人工照明については、自然採光が不足する場合と関連させて照明の必要性に触れる程度とする。
379,JH,1,音については、学校周辺や家庭での様々な音を取り上げ、音には快適な音や騒音となる不快な生活音があることを理解できるようにする。
380,JH,1,生活を豊かにする季節の音を大切にしてきた日本の生活文化に気付くことができるようにする。
381,JH,1,騒音については、家族や地域の人々との関わりを考えて、生活音の発生に配慮する必要があることにも気付くようにする。
382,JH,1,暑さ・寒さ、通風・換気、採光、音については、健康・快適などを視点として、それぞれを相互に関連付けて扱うよう配慮する。
383,JH,1,暑さ・寒さへの対処については、地域によって、夏季の暑さを防いで涼しく生活すること又は冬季の寒さを防いで暖かく生活することのいずれかに重点を置いて題材を構成することが考えられる。
384,JH,1,学校など身近な空間を対象とし、快適にするためには何が必要かを考えさせ、比較実験などを通して、それらを科学的に理解できるよう配慮する。
385,JH,1,暑さへの対処の仕方については、窓の外側で太陽の熱をさえぎると暑さを防ぐ効果が大きいことを確かめたり、窓の開閉条件を変えて風通しを比べたりして、夏季を涼しく過ごすための工夫を考えさせる活動などが考えられる。
386,JH,1,家族へのインタビューや実生活を見つめる活動を通して、ひさし、よしず、すだれ、打ち水、風鈴などを取り上げ、日本の生活文化や昔からの生活の知恵に気付かせる活動なども考えられる。
387,JH,1,寒さへの対処の仕方については、暖房機器を置く場所によって暖まり方が違うことや換気の仕方によって結露やカビ・ダニ等の発生の程度が違うことに気付かせる活動などが考えられる。
388,JH,1,音については、学校内の音を測定して音の大きさを体感的に理解したり、季節を感じる音について話し合う活動を通して、快適な音により心が落ち着くことや季節の変化を感じる生活の大切さに気付かせたりする活動などが考えられる。
389,JH,1,物を使う人や場所、その使用目的や頻度、大きさや形などによって整理・整頓の仕方を工夫する必要があることが分かり、何がどこにあるか、必要な物がすぐに取り出せるか、空間を有効に使えるかなどの視点から考え、整理・整頓の仕方を理解し、適切にできるようにする。
390,JH,1,学校や家庭での体験を基に清掃について見直し、なぜ汚れるのか、何のために清掃するのかを考えさせるとともに、床や窓などの汚れの種類、汚れ方に応じた清掃の仕方が分かり、状況に応じた清掃の仕方を理解し、適切にできるようにする。
391,JH,1,汚れは時間が経つと落ちにくくなることや、住居用洗剤は取り扱い方によって危険を伴うものもあるため、表示をよく見て使用する必要があることなどにも気付くようにする。
392,JH,1,和室の畳の清掃の仕方にも触れ、日本の生活文化に気付くことができるようにする。
393,JH,1,家族の生活に合わせて整理・整頓の仕方を工夫し、清掃などを適切にすることによって、家族が楽しく快適に過ごすことができることに気付くようにする。
394,JH,1,実践する喜びや家族との関わりを感じながら学習を進めるよう配慮する。
395,JH,1,適切な整理・整頓や清掃は、家庭内の事故を防ぐための安全な住まい方を考える上でも大切であることに気付かせるなど、中学校での学習につながるよう配慮する。
396,JH,1,整理・整頓については、散らかっている部屋の写真から整理・整頓の必要性について話し合ったり、教室や家庭科室の机や引き出し、棚やロッカーなどで試行することを通して、整理・整頓の多様な視点に気付かせたりする活動などが考えられる。
397,JH,1,清掃については、学校内での汚れ調べの活動などを通して、汚れの種類や汚れ方に応じた清掃の仕方を考えたり、ほうき、電気掃除機、化学雑巾などによる清掃の効果を比較し、適切な使い分けについて考えたりする活動などが考えられる。
398,JH,1,身近な生活の中から、主に暑さ・寒さの調節、通風・換気、採光の仕方及び音に関する問題を見いだし、課題を設定するようにする。
399,JH,1,課題を解決するための方法については、コンピュータなどの情報手段を活用して自然を生かした住まい方などについて調べたり、自ら方法を考えて通風・換気や採光などについて実験したりする活動を行う。
400,JH,1,一人一人の生活経験についての意見交流などを通して、より効果的な暑さ・寒さの調節方法や効率的な通風・換気や採光の仕方について検討できるようにする。
401,JH,1,身近な生活の中から、主に住まいの整理・整頓及び清掃に関する問題を見いだし、課題を設定するようにする。
402,JH,1,整理・整頓や清掃の仕方について地域の人から様々な方法を教えてもらったり、家庭で調べたことを発表し合ったりする活動などを通して、より効果的な整理・整頓の仕方や効率的な清掃の仕方について検討できるようにする。
403,JH,1,計画どおりにできたこと、できなかったこと、あるいは実践の中で考え、工夫したことなどを評価し、実践発表会などを通して、どのように改善したらよいかを考えることができるようにする。
404,JH,1,解決方法を考え、計画を立てたり、実践したことを評価・改善したりする際、グループや学級内で交流するなどの活動を工夫し、考えを広げたり深めたりできるよう配慮する。
405,JH,1,暑さ・寒さへの対処として様々な冷暖房機器を比較したり、通風・換気について、自然換気と換気扇等を比較したりするなど、住まい方を具体的に見直して工夫する活動などが考えられる。
406,JH,1,清掃の仕方を取り上げ、学校や家庭の居間、台所、トイレ、浴室などについて調べて実践交流したり、洗剤や清掃用具を用いて汚れの落ち方を比較し、その理由を考えたり、調べたりするなど、清掃の仕方を見直して工夫する活動などが考えられる。
407,JH,1,日本の伝統的な生活についても扱い、生活文化に気付くことができるよう配慮すること。
408,JH,1,生活文化を継承するための基礎として、日本の伝統的な生活について学ぶことを通して、生活文化を大切にしようとする態度を養うこととしている。
409,JH,1,生活の仕方の知恵などについて具体的に扱い、生活文化の大切さに気付くことができるよう指導を工夫する必要がある。
410,JH,1,「消費生活・環境」の内容は、「物や金銭の使い方と買物」、「環境に配慮した生活」の2項目で構成されている。
411,JH,1,課題を解決する力を養い、身近な消費生活と環境をよりよくしようと工夫する実践的な態度を育成することをねらいとしている。
412,JH,1,限りある物や金銭が大切であることや、自分の生活が身近な環境に与える影響に気付き、持続可能な社会の構築に向けて、主体的に生活を工夫できる消費者としての素地を育てることを意図している。
413,JH,1,買物の仕組みや消費者の役割が分かり、物や金銭の大切さと計画的な使い方について理解すること。
414,JH,1,身近な物の選び方、買い方を理解し、購入するために必要な情報の収集・整理が適切にできること。
415,JH,1,購入に必要な情報を活用し、身近な物の選び方、買い方を考え、工夫すること。
416,JH,1,売買契約の基礎について触れること。
417,JH,1,物や金銭の使い方と買物について、課題をもって、物や金銭の大切さについて理解する。
418,JH,1,身近な物の選び方、買い方を工夫することができるようにすることをねらいとしている。
419,JH,1,買物の仕組みや消費者の役割が分かり、生活を支える物や金銭の大切さと計画的な使い方について理解できるようにする。
420,JH,1,主に現金による店頭での買物を扱い、日常行っている買物が売買契約であることを理解できるようにする。
421,JH,1,売買契約の基礎としては、買う人(消費者)の申し出と売る人の承諾によって売買契約が成立すること、買う人はお金を払い、売る人は商品を渡す義務があること。
422,JH,1,商品を受け取った後は、買った人の一方的な理由で商品を返却することができないことについて扱い、理解できるようにする。
423,JH,1,買う前に本当に必要かどうかをよく考えることや、買った後に十分に活用して最後まで使い切ることを理解できるようにする。
424,JH,1,自分や家族の消費生活が環境などに与える影響についても考え、例えば、買物袋を持参したり、不用な包装は断ったりするなどの工夫をすることが消費者としての大切な役割であることに気付くようにする。
425,JH,1,買物で困ったことが起きた場合には、家族や先生などの大人に相談することや、保護者と共に消費生活センターなどの相談機関を利用することにも触れるようにする。
426,JH,1,家庭で扱う金銭(家庭の収入)は家族が働くことによって得られた限りあるものであり、物や金銭が自分と家族の生活を支えていることから、それらを有効に使うことの重要性を理解できるようにする。
427,JH,1,プリペイドカードなどは、金銭と同じ価値があるため、金銭同様に大切に扱う必要があることを理解できるようにする。
428,JH,1,限りある物や金銭を生かして使う必要性や方法が分かり、計画的な使い方を理解できるようにする。
429,JH,1,物の計画的な使い方については、物が必要になったときには、新しい物を購入する以外に、家庭にある物を活用したり、知人から譲ってもらったりするなどの方法もあることに気付くようにする。また、物を長く大切に使う方法についても理解できるようにする。
430,JH,1,金銭の計画的な使い方については、こづかいなど取扱いが任された金銭に着目して購入の時期や金額を考えたり、購入のための貯蓄をしたりして、無駄のない使い方をすることが必要であることを理解できるようにする。
431,JH,1,買物の仕組みと消費者の役割については、身近な物の購入について取り上げ、消費者であることの自覚をもたせ、適切な消費行動をとる必要があることに気付くことができるよう配慮する。
432,JH,1,買物の仕組みについては、身近な例で契約と約束の違いに気付かせたり、買物のどの場面で売買契約が成立したのかを考えさせたりする活動などが考えられる。
433,JH,1,消費者の役割については、自分や家族の買物の経験を基に購入した物の使い方について話し合う活動などが考えられる。
434,JH,1,物や金銭の計画的な使い方については、身近な消費生活を振り返り、自分の課題に気付くことができるよう配慮する。
435,JH,1,学用品などの購入や使い方について振り返り、粗末に扱ったり、不用な物を購入したり、使える物を捨てたりしていないかなどを見直す活動などが考えられる。
436,JH,1,身近な物の選び方、買い方を理解し、目的に合った品質のよい物を選んで購入するために必要な情報の収集・整理が適切にできるようにする。
437,JH,1,身近な物について取り上げ、値段や分量、品質などの選ぶ際の観点を理解できるようにする。
438,JH,1,目的に合った品質のよい物を選ぶためには、食品等に付けられた日付などの簡単な表示やマークなどを確認する必要があることを理解できるようにする。
439,JH,1,持続可能な社会の構築の視点から、環境に配慮されているか、詰め替えやリサイクルができるかなど、資源の有効利用を考えて選ぶことも大切であることに気付くようにする。
440,JH,1,現金による店頭での買物を中心とし、予算や購入の時期、場所、必要な物を必要な分だけ買うことや、まとめて買うことなどについて考える必要があることを理解できるようにする。
441,JH,1,買う物をメモしておいたり、買物の記録をしたりするなどの大切さに気付くようにする。
442,JH,1,目的に合った品質のよい物を無駄なく購入するために、店の人から話を聞いたり、広告などを活用したりして情報を集め、値段や分量、品質など様々な視点から情報を整理することができるようにする。
443,JH,1,身近な物を実際に購入する場面を想定し、具体的に考えることができるよう配慮する。
444,JH,1,調理実習や製作に使う材料や用具を購入する場面を想定して、必要な情報を収集・整理し、選んだ理由や買い方について意見を交換し合う学習などが考えられる。
445,JH,1,物の選び方、買い方については、児童が生活の中で使う身近な物について問題を見いだし、課題を設定するようにする。
446,JH,1,課題を解決するための方法については、選び方では、食品等に付けられた日付などの簡単な表示やマークや、広告などの購入に必要な情報を調べたり、店の人から話を聞いたりするなど、情報を収集・整理して、値段や分量、品質など多様な観点から比較し検討できるようにする。
447,JH,1,買い方では、計画的に購入するために家庭で工夫していることを調べ、発表し合う活動などを通して、購入の時期や場所などについて検討できるようにする。
448,JH,1,実践の振り返りについては、本当に必要かどうか、購入後に適切に活用しているかどうか、環境に与える影響はどうかなどを評価し、意見交流などを通して、これからの買物に生かすために、どのように改善したらよいかを考えることができるようにする。
449,JH,1,指導に当たっては、身近な物を実際に購入する場面を想定し、日常生活で実践できるよう配慮する。
450,JH,1,団らんや会食のための買物や調理や製作の実習材料や、整理・整頓の学習での持ち物の見直しなどを取り上げ、計画を立てて購入の仕方を工夫する活動などが考えられる。
451,JH,1,自分の生活と身近な環境との関わりや環境に配慮した物の使い方などについて理解すること。
452,JH,1,環境に配慮した生活について物の使い方などを考え、工夫すること。
453,JH,1,環境に配慮した生活について、課題をもって、自分の生活と身近な環境との関わりについて理解し、物の使い方などに関する基礎的・基本的な知識を身に付け、環境に配慮した生活の仕方を工夫することができるようにすることをねらいとしている。
454,JH,1,題材構成に当たっては、「物や金銭の使い方と買物」と関連させて、購入した物の活用について振り返り、環境に配慮した物の使い方を見直すことなどが考えられる。
455,JH,1,「調理の基礎」、「生活を豊かにするための布を用いた製作」、及び「快適な住まい方」などと関連させて、実習材料などを無駄なく使うことが考えられる。
456,JH,1,「快適な住まい方」の整理・整頓や清掃の学習と関連させて、ごみの分別や減量の仕方を工夫したりすることなどが考えられる。
457,JH,1,自分の生活が身近な環境から影響を受けたり、影響を与えたりしていることが分かり、環境に配慮した物の使い方などについて理解できるようにする。
458,JH,1,自分の生活を見直すことを通して、多くの物を使っていることや、自分の生活が身近な環境から影響を受けたり、逆に影響を与えたりしていることを理解できるようにする。
459,JH,1,環境にできるだけ負荷を掛けないように、物を長く大切に活用したり、無駄なく使い切ったり、使い終わった物を他の用途に再利用したりすることが必要であることを理解できるようにする。
460,JH,1,指導に当たっては、「B衣食住の生活」の内容との関連を図り、調理の材料や製作で使用する布などの具体的な物を対象として、実践的な学習が展開できるよう配慮する。
461,JH,1,実習材料の無駄のない使い方について発表し合うことを通して、使い方を見直す必要があることに気付かせる活動などが考えられる。
462,JH,1,資源やエネルギーなどを視点として、調理実習における材料や水、電気、ガスなどの使い方を振り返り、グループで話し合う活動が考えられる。
463,JH,1,自分の生活を見直すことを通して、物の使い方などについて問題を見いだし、課題を設定するようにする。
464,JH,1,自分の生活を見直し、物の使い方などの工夫について考えたことをグループで話し合うなどの活動を通して、環境に配慮した生活のための工夫について検討できるようにする。
465,JH,1,計画どおりにできたこと、できなかったこと、実践の中で考えたことなどを評価し、実践発表会などを通して、どのように改善したらよいかを考えることができるようにする。
466,JH,1,解決方法を考え、計画を立てたり、実践したことを評価・改善したりする際、グループや学級内で交流するなどの活動を工夫し、考えを広げたり深めたりできるよう配慮する。
467,JH,1,環境への配慮については、家庭によって考えや取り組み方、実践している程度などが異なることから、一人一人の生活経験を生かすようにするとともに、自分の生活との結び付きに気付くように具体的な課題を設定するようにする。
468,JH,1,「調理の基礎」との関連を図り、材料や水、電気、ガスなどの使い方や、ごみを減らす工夫を考えて継続的に取り組むなど、家庭での実践に生かすために工夫する活動などが考えられる。
469,JH,1,「整理・整頓及び清掃の仕方」との関連を図り、使い終わった物を他の用途に再利用するなど、不用品を減らすために工夫する活動なども考えられる。
470,JH,1,リサイクル活動などの環境に配慮した地域の取組を調べ、協力する活動なども考えられる。
471,JH,1,家庭科の特質に応じた「主体的な学び」とは、題材を通して見通しをもち、日常生活の課題の発見や解決に取り組んだり、基礎的・基本的な知識及び技能の習得に粘り強く取り組んだり、実践を振り返って新たな課題を見付け、主体的に取り組んだりする態度を育む学びである。
472,JH,1,学習した内容を実際の生活で生かす場面を設定し、自分の生活が家庭や地域と深く関わっていることを認識したり、自分の成長を自覚して実践する喜びに気付いたりすることができる活動などを充実させることが重要である。
473,JH,1,「対話的な学び」とは、協働したり、意見を共有して互いの考えを深めたり、家族や身近な人々などとの会話を通して考えを明確にしたりするなど、自らの考えを広げ深める学びである。
474,JH,1,「深い学び」とは、一連の学習過程の中で、「生活の営みに係る見方・考え方」を働かせながら、課題の解決に向けて自分なりに考え、表現するなどして資質・能力を身に付ける学びである。
475,JH,1,家庭科の目標に示した「生活の営みに係る見方・考え方」の視点から家庭生活を見直し、工夫することが大切であることに気付かせ、各内容の役割や働きについて学習する項目につなげるようにする。
476,JH,1,基礎的なものから応用的なものへ、簡単なものから複雑なものへと次第に発展するように、段階的に題材を配列する。また、反復が必要なものについては、題材に繰り返し位置付けるなど、指導計画を工夫する。
477,JH,1,B(2)「調理の基礎」及びB(5)「生活を豊かにするための布を用いた製作」以外の項目で構成された題材については、学年の発展性や系統性、季節、学校行事、地域等との関連を考え配列する。
478,JH,1,学習に集中したり、持続したりすることが難しい場合には、落ち着いて学習できるようにするため、道具や材料を必要最小限に抑えて準備したり、整理・整頓された学習環境で学習できるよう工夫したりすることが考えられる。
479,JH,1,活動への関心をもつことが難しい場合には、約束や注意点、手順等を視覚的に捉えられる掲示物やカードを明示したり、体感できる教材・教具を活用したりして関心を高めることが考えられる。
480,JH,1,周囲の状況に気が散りやすく、包丁、アイロン、ミシンなどの用具を安全に使用することが難しい場合には、手元に集中して安全に作業に取り組めるよう、個別の対応ができるような作業スペースや作業時間を確保することなどが考えられる。
481,JH,1,生活をよりよくしようと工夫する資質・能力を育てることは、生活習慣の大切さを知り、自分の生活を見直すことにつながるものである。
482,JH,1,家庭生活を大切にする心情を育むことは、家族を敬愛し、楽しい家庭をつくり、家族の役に立つことをしようとすることにつながるものである。
483,JH,1,「B衣食住の生活」において扱う生活文化に関する教材を、道徳科の「伝統と文化の尊重」における具体例として活用することなどが考えられる。
484,JH,1,道徳科で取り上げたことに関連する内容や教材を家庭科で扱う場合には、道徳科における指導の成果を生かすように工夫することも考えられる。
485,JH,1,施設・設備の安全管理に配慮し、学習環境を整備するとともに、熱源や用具、機械などの取扱いに注意して事故防止の指導を徹底すること。
486,JH,1,服装を整え、衛生に留意して用具の手入れや保管を適切に行うこと。
487,JH,1,調理に用いる食品については、生の魚や肉は扱わないなど、安全・衛生に留意すること。また、食物アレルギーについても配慮すること。
488,JH,1,実習室の安全管理については、各学校の実態に即し、機器類の使い方を含めて実習室の使い方に関する安全規則を定め、これらを掲示したり、指導計画の中に位置付けたりすることが大切である。
489,JH,1,事故や災害が発生した場合の応急措置や連絡等、緊急時の対応についても指導の徹底を図るようにする。
490,JH,1,設備の安全管理については、指導者が学習前後に機器類の安全確認を行うとともに、定期的な点検を実施するなど、常に最良の状況を保持できるように留意する。
491,JH,1,実習室の管理に当たっては、学習環境の整った実習室そのものが、学習意欲を高める効果があることに留意し、題材に関する資料や、児童の主体的な学習を支える教材等を実習室内に掲示するなど、児童の学習意欲を喚起するような工夫も必要である。
492,JH,1,安全指導については、実習に際して常に安全管理と事故の防止に努めることが大切であることを理解させ、それらを安全に扱うことができるようにし、基本的な操作を身に付けるように指導する。
493,JH,1,使用場所や用具の配置の仕方で作業の能率が高まり、事故の防止に役立つことにも気付かせるようにする。
494,JH,1,調理実習では、調理台の整理・整頓や用具の配置などを工夫させる。
495,JH,1,熱源の回りにふきんやノート類などの燃えやすい物を置かないことや、熱源の適切な点火・消火の確認や調理中の換気について指導する。
496,JH,1,加熱用調理器具の余熱にも注意させる。
497,JH,1,洗剤類の保管についても、誤用のないように十分留意する。
498,JH,1,製作実習では、針の本数の確認や折れた針の始末などを徹底させるとともに、アイロンについては、使用場所や置き方に留意し、火傷などを引き起こさないように指導する。
499,JH,1,機械については、ミシンなど重量のある物の配置、コードの取扱い方などについて十分に配慮させる。
500,JH,1,服装については、活動がしやすく安全性に配慮したものを準備して着用するように指導する。
501,JH,1,調理実習での服装は、清潔で、付いた汚れが分かりやすいエプロンなどを身に付けさせたり、袖口をまくったり腕カバーを付けたりするなどして作業に適したものを用いることや、髪の毛などが食品や調理器具等に触れないように三角巾を着けるなどの工夫をさせる。
502,JH,1,製作や調理実習の前には手指を十分に洗うなど衛生面にも留意するように指導する。
503,JH,1,加熱用調理器具は、回りの汚れを拭き取ること。
504,JH,1,調理用具は、使用したらなるべく早く丁寧に洗い、よく水気を取るようにすること。
505,JH,1,油の汚れは、紙や古い布などで拭き取ってから洗うようにすること。
506,JH,1,包丁は、安全に気を付けてよく洗い、水気を拭き取ること。
507,JH,1,まな板は、使用後、流し水をかけながら洗い、十分乾燥すること。
508,JH,1,ふきんは、洗剤を用いて洗い、直射日光に当てて乾燥すること。
509,JH,1,用具の保管については、安全や衛生に留意して指導する。
510,JH,1,調理実習については、茶碗などを重ねすぎないようにしたり、清潔な場所に収納したりするようにする。
511,JH,1,製作実習については、使用する針類、はさみ類、アイロン、ミシンなどの用具の安全な保管方法についても指導を徹底するとともに、アイロンは冷めてから収納場所に保管する。
512,JH,1,包丁やはさみは本数を確認し、保管箱に入れたりカバーを付けたりするなど、保管には十分留意し、常に安全管理に努めるように指導する。
513,JH,1,調理に用いる材料は安全や衛生を考えて選択するようにする。
514,JH,1,家庭から持参する場合は、実習の前に指導者が腐敗していないか匂いや色などを確かめたり、実習時間までの保管に十分留意したりする。
515,JH,1,生の魚や肉については調理の基礎を学習していない本学校の段階では、生の魚や肉の加熱不足が生じやすく、食品や調理器具等の衛生的な取扱いが難しいことから、用いないようにする。
516,JH,1,卵を用いる場合には、新鮮であることを確認し、加熱調理をするように指導する。
517,JH,1,食物アレルギーについては、保護者や関係機関等との情報共有を確実に行い、事故の防止に努めるようにする。
518,JH,1,調理実習で扱う材料にアレルギーの原因となる物質を含む食品が含まれていないかを確認する。
519,MD,1,社会，環境及び経済といった複数の側面から技術を評価し具体的な活用方法を考え出す力や，目的や条件に応じて設計したり，効率的な情報処理の手順を工夫したりする力の育成について課題があるとの指摘がある。
520,MD,1,社会の変化等に主体的に対応し，よりよい生活や持続可能な社会を構築していくため，発達を主体的に支え，革新を牽引することができるよう，評価，選択，管理・運用，改良，応用することが求められる。
521,MD,1,実践的・体験的な活動を通して，生活や社会の中から問題を見いだして課題を設定しそれを解決する力や，よりよい生活や持続可能な社会の構築に向けて，適切かつ誠実に工夫し創造しようとする態度等を育成することを基本的な考え方とする。
522,MD,1,材料，加工，生物育成，エネルギー変換，情報等の専門分野における重要な概念等を基にした教育内容とする。
523,MD,1,双方向性のあるコンテンツに関するプログラミングや，ネットワークやデータを活用して処理するプログラミングも題材として扱うことが考えられる。その際，情報セキュリティ等についても充実する。
524,MD,1,知的財産を創造・保護・活用していこうとする態度や使用者・生産者の安全に配慮して設計・製作したりするなどの倫理観の育成を重視する。
525,MD,1,「家族・家庭生活」，「衣食住の生活」，「消費生活・環境」に関する三つの内容で構成する。
526,MD,1,家庭の機能を理解し，家族や地域の人々と協働することや，幼児触れ合い体験，高齢者との交流等，人とよりよく関わる力を育成するための学習活動，食育を一層推進するための栄養と献立，調理や食文化などに関する学習活動を充実する。
527,MD,1,また，金銭の管理に関する内容や，消費生活や環境に配慮したライフスタイルの確立の基礎となる内容を充実するとともに，他の内容との関連を図り，実践的な学習活動を一層充実する。
528,MD,1,家族・家庭生活の多様化や消費生活の変化等に加えて，グローバル化や少子高齢社会の進展，持続可能な社会の構築等，今後の社会の急激な変化に主体的に対応すること。
529,MD,1,技術の発達を主体的に支え，技術革新を牽引することができる資質・能力の育成を目指して，目標及び内容について改善を図る。
530,MD,1,社会からの要求，安全性，環境負荷や経済性などに着目して技術を最適化すること。
531,MD,1,単に何かをつくるという活動ではなく，解決方策が最適なものとなるよう設計・計画し，製作・制作・育成を行い，その解決結果や解決過程を評価・改善するという活動の中で効果的に育成できると考えられる。
532,MD,1,情報セキュリティ等についても充実する。知的財産を創造，保護及び活用していこうとする態度や使用者・生産者の安全に配慮して設計・製作するなどの倫理観の育成を重視する。
533,MD,1,また，「生活の課題と実践」に係る「A家族・家庭生活」の(4)，「B衣食住の生活」の(7)及び「C消費生活・環境」の(3)については，これらの三項目のうち，一以上を選択して履修させ，他の内容と関連を図り扱うこととしている。
534,MD,1,少子高齢社会の進展に対応して，家族や地域の人々とよりよく関わる力を育成するために，「A家族・家庭生活」においては，幼児との触れ合い体験などを一層重視するとともに，高齢者など地域の人々と協働することに関する内容を新設している。
535,MD,1,グローバル化に対応して，日本の生活文化を継承することの大切さに気付くことができるよう，「B衣食住の生活」においては，和食，和服など，日本の伝統的な生活についても扱うこととしている。
536,MD,1,持続可能な社会の構築に対応して，自立した消費者を育成するために，「C消費生活・環境」においては，計画的な金銭管理，消費者被害への対応に関する内容を新設するとともに，他の内容と関連を図り，消費生活や環境に配慮したライフスタイルの確立の基礎となる内容の改善を図っている。
537,MD,1,資質・能力の育成に当たって，各分野の見方・考え方を働かせることが重要であることを示している。
538,MD,1,製作，制作，育成，調理等の実習や，観察・実験，見学，調査・研究などの実践的・体験的な活動を通して資質・能力を育成することが重要であることを示している。
539,MD,1,生活や社会の中から問題を見いだし，解決する力を育成することをねらいとしていることを示している。
540,MD,1,安心，安全で豊かな生活や，環境保全と利便性が両立した持続可能な社会の構築を目指し，将来にわたり生活を工夫したり創造したりしようとする実践的な態度を養う。
541,MD,1,さらに，自分や家族の生活の仕方や消費行動，適切な選択と管理・運用，新たな発想に基づく改良と応用などが，これからの社会を方向付けていくことを踏まえ，主体的に意思決定したり行動したりして社会に参画しようとする態度を育成することも重要である。
542,MD,1,生活の自立につながるように活動を組み立てることが重要である。
543,MD,1,家庭や地域社会との連携を重視し，学校における学習と家庭や社会における実践との結び付きに留意して適切な題材を設定し，資質・能力の育成とともに，心豊かな人間性を育むことや発達の段階に応じた社会性の獲得，他者と関わる力の育成等にも配慮することが大切である。
544,MD,1,従来の実践的・体験的な活動の内容を吟味し，仕事の楽しさや完成の喜びを味わわせるなど，充実感や成就感を実感させる。
545,MD,1,学習内容と将来の職業の選択や生き方との関わりの理解にも触れるなど，生徒の実態に応じた内容や活動を準備し，自ら問題を見いだして課題を設定し解決を図る問題解決的な学習を一層充実させる。
546,MD,1,適切に選択したり，管理・運用したりすることのできる力は，今後ますます高度化，システム化される技術に支えられた社会を生きる国民に求められる力の一つである。
547,MD,1,身体的な技能等を用いて製作・制作・育成を行うといった「ものづくり」が行われている。
548,MD,1,例えば，設計・計画の段階で，適切な課題の解決策が構想できないといった問題が生じた場合には，課題の設定の段階に戻り，新たな課題について検討することが必要となるなど，生徒の学習の状況に応じて，各段階間を往来するものである。
549,MD,1,社会からの要求としては，例えば，自然災害から身を守り，快適な生活環境を維持したいという人々の願いなどが考えられる。
550,MD,1,学習した事項が他の材料にも転用できるという視点で取り上げる材料を選択したり，履修する学年に応じて問題を見いだす範囲を限定したりするなど，授業時数と履修学年に応じて設定した目標とする資質・能力を踏まえて，各項目における具体的な指導内容を検討することにも配慮する。
551,MD,1,緻密なものづくりの技などが我が国の伝統や文化を支えてきたことに気付かせること。
552,MD,1,緻密なものづくりの技が，我が国の伝統や，木の文化・和の文化を支えてきたことに気付かせるようにする。
553,MD,1,原理・法則の指導に当たっては，理科における植物の体のつくりと働きや原子・分子等の物質の成り立ちなど，関係する指導内容を確認した上で，連携が図れるよう配慮する。
554,MD,1,製作に必要な図をかき，安全・適切な製作や検査・点検等ができること。
555,MD,1,問題を見いだして課題を設定し，材料の選択や成形の方法等を構想して設計を具体化するとともに，製作の過程や結果の評価，改善及び修正について考えること。
556,MD,1,製作に必要な図については，主として等角図及び第三角法による図法を扱うこと。
557,MD,1,製作に必要な図をかき，安全・適切な製作や検査・点検等ができるようにすることをねらいとしている。
558,MD,1,適切な図法を用いて，製作に必要な図をかくことができるようにするとともに，設定した課題を解決するために，工具や機器を使用して，安全・適切に材料取り，部品加工，組立て・接合，仕上げや，検査等ができるようにする。
559,MD,1,材料の種類や個数，工具や機器及び製作順序などをあらかじめ整理し，材料表や製作工程表を用いるなど，作業計画に基づいた能率的な作業ができるよう指導する。
560,MD,1,構想の表示方法については，現在，社会で主に利用されている図法の中で，CADによる表示といった発展性にも配慮し，等角図及び第三角法を取り上げることとする。
561,MD,1,知的財産を保護し，活用を図ることが新たな知的財産の創造につながることに気付かせるなど，知的財産を創造，保護及び活用しようとする態度の育成を目指すようにする。
562,MD,1,ここで使用する工具・機器や材料等については，安全や健康に十分に配慮して選択するとともに，工具・機器については，使用前の点検・調整や使用後の手入れが大切であることについて指導する。
563,MD,1,刃物などの工具や機器については，使い方を誤った場合には身体を傷つける恐れがあることから，安全な加工法の指導に加えて，不用意に持ち歩かないことなど，刃物の正しい取扱い方ができるよう十分に配慮する。
564,MD,1,加工機器を用いて作業させる場合には，材料の固定の方法，始動時及び運転中の注意事項などを確認させるとともに，ジグなどを使用して，安全な使い方ができるよう指導する。
565,MD,1,皮膚を露出しない作業着などを着用させたり，作業内容に応じて防護眼鏡，防塵マスク，手袋などの適切な保護具を着けさせたりする。また，必要に応じて機器に集塵機を取り付けるなど，衛生にも配慮する。
566,MD,1,家庭生活や学校生活における材料に関わる身近な不便さについて考えたり，既存の製品の改善の余地を考えたり，自然環境の保全や防災などに関わる社会的な問題について考えたりして，利便性，環境負荷，安全性などに関する問題を見いだす。
567,MD,1,なお，課題の解決策を構想する際には，自分の考えを整理し，実際の材料取りや部品加工等を行う前に設計の問題点を明らかにするとともに，よりよい発想を生み出せるよう，製作図等を適切に用いることについて指導する。
568,MD,1,課題の解決策を具体化する際には，3DCADや3Dプリンタを活用して試作させることも考えられる。
569,MD,1,社会からの要求としては，例えば，安定した食生活を送るために自然環境の影響を受けずに作物を栽培したいという人々の願いなどが考えられる。
570,MD,1,試験研究機関や民間企業，農業科や水産科を設置する高等学校等との連携についても配慮する。
571,MD,1,ア　(1)については，作物の栽培，動物の飼育及び水産生物の栽培のいずれも扱うこと。
572,MD,1,作物の栽培，動物の飼育及び水産生物の栽培のいずれも扱い，共通する基礎的な技術の仕組みを理解させるよう配慮する。
573,MD,1,学習活動としては，例えば，野生生物と育成生物の品種，生態，体の姿・形を比較したり，有機質肥料と化成肥料の働きや効果を比較したりすることや，季節を問わず販売される野菜や肉，魚などの生産過程で用いられている育成環境の調節方法を調べたりすることが考えられる。
574,MD,1,動物の飼育では，飼育する動物の性質や習性，食性，生理や発育の状況などについて考慮する必要があることや，目的に応じた最適な飼料の選択や給餌，給水，糞尿の処理等の管理作業，気温や採光，換気等の育成環境を調節する技術があることを理解させる。
575,MD,1,水産生物の栽培では，栽培する魚介類及び藻類の性質や習性，食性，生理や発育の状況などについて考慮する必要があることや，種苗の採苗や育成，最適な飼料の選択や給餌，放流等の管理作業，光や水温，水質等の育成環境を調節する技術があることを理解させる。
576,MD,1,その上で，食料の安定供給，安全性，品質・収量等の確保といった目的に合わせて，育成環境の調節方法を変えるなどの，生産者や開発者が計画等に込めた意図を読み取らせることが考えられる。
577,MD,1,安全・適切な栽培又は飼育，検査等ができること。
578,MD,1,イ問題を見いだして課題を設定し，育成環境の調節方法を構想して育成計画を立てるとともに，栽培又は飼育の過程や結果の評価，改善及び修正について考えること。
579,MD,1,地域固有の生態系に影響を及ぼすことのないよう留意するとともに，薬品を使用する場合には，使用上の基準及び注意事項を遵守させること。
580,MD,1,問題を見いだして課題を設定し，自分なりの解決策を構想させること。
581,MD,1,問題を見いだして課題を設定し解決する力を育成するとともに，安全・適切な栽培又は飼育，検査等ができるようにすることをねらいとしている。
582,MD,1,設定した課題を解決するために，資材や用具，設備を利用して，安全・適切に，生物の成長段階に応じた管理作業や病気や害虫等の防除，生物の生育状況や品質の検査等ができるようにする。
583,MD,1,生活や社会で利用されている生物育成の技術に込められた工夫や創造性及びそれに関わる知的財産のすばらしさと，それらがどのように普及してきたかを改めて振り返らせる。
584,MD,1,知的財産を保護し，活用を図ることが新たな知的財産の創造につながることに気付かせるなど，知的財産を創造，保護及び活用しようとする態度の育成を目指すようにする。
585,MD,1,固有の動植物など，地域に既存の生態系に影響を及ぼす可能性のある外来の生物等を取り扱う場合には，実習中のみならず，学習後の取り扱いについても十分配慮する。
586,MD,1,用具などについては，使用前の点検・調整や使用後の手入れが大切であることについて指導する。
587,MD,1,薬品などを使用する場合には，取扱説明書等を参照し，使用上の基準及び注意事項を遵守させる。
588,MD,1,作業内容に応じて防護眼鏡やマスク，帽子，手袋などを着用させ，作業後のうがいや手洗いを実施するなど，安全や衛生の管理を徹底する。
589,MD,1,作物の栽培では，家庭生活や学校生活における環境の整備について考えたり，現在の栽培の改善の余地を考えたり，健康や食料生産，自然環境の保全等に関わる問題について考えたりして，利便性，環境負荷，安全性などに関する問題を見いだす。
590,MD,1,作物の栽培では，花卉の開花時期の調節や，野菜の収穫時期の調節と品質・収量の向上，地球温暖化を防止するための作物の選択と利用といった課題を設定し，その解決に取り組ませることが考えられる。
591,MD,1,また，動物の飼育や水産生物の栽培では，食料生産や品質管理，環境負荷などに関わる問題について考え，家畜の出荷時期に合わせるための飼育や，魚類の品質や付加価値を高めるための栽培といった課題を設定し，その解決に取り組ませることが考えられる。
592,MD,1,課題については，育成環境の調節方法を構想し栽培又は飼育によって解決できるものを設定する。
593,MD,1,課題の解決策を構想する際には，自分の考えを整理し，実際の管理作業等を行う前に計画の問題点を明らかにするとともに，よりよい発想を生み出せるよう，計画表等を適切に用いることについて指導する。
594,MD,1,育成計画の具体化に当たり，栽培又は飼育する生物を選択するに際しては，目的に応じて種類を検討するとともに，育成する場所や時期も踏まえるよう配慮する。
595,MD,1,動物の飼育又は魚介類や藻類などの栽培を選択した場合，適当な飼育環境や栽培環境がないときには，関連する地域機関・施設などとの連携を図り，実習や観察などを実施することも考えられる。
596,MD,1,安全性や社会・産業における役割，環境に対する負荷，経済性などの多様な視点で客観的に評価し，適切な選択，管理・運用の在り方を考えたり，新たな改良，応用を発想したりする力を育成する。
597,MD,1,社会からの要求，生産から使用・廃棄までの安全性，出力，変換の効率，環境への負荷や省エネルギー，経済性などに着目し，電気，運動，熱及び流体の特性等にも配慮し，エネルギーを変換，伝達する方法等を最適化することなどが考えられる。
598,MD,1,また，ここでの社会からの要求としては，例えば，自然環境を保全しつつ生活環境を維持・発展させたいという人々の願いなどが考えられる。
599,MD,1,電気，運動，熱の特性等の原理・法則と，エネルギーの変換や伝達等に関わる基礎的な技術の仕組み及び保守点検の必要性について理解すること。
600,MD,1,電気機器や屋内配線等の生活の中で使用する製品やシステムの安全な使用についても扱うものとする。
601,MD,1,エネルギーの変換や伝達等に関わる技術が，社会からの要求，生産から使用・廃棄までの安全性，出力，変換の効率，環境への負荷や省エネルギー，経済性などに着目し，電気，運動，熱及び流体の特性等にも配慮して，最適化されてきたことに気付かせることができるようにする。
602,MD,1,製品に用いられている電気，運動，熱の特性等の原理・法則について調べさせ，仕組みをモデル化し，観察・実験を通して動作を確かめさせ，電気回路や力学的な機構の要素や構成を変えることで動作や出力に違いが生じることを捉えさせる。
603,MD,1,発電システムを取り上げる場合には，エネルギーの変換効率や設備の稼働率を含めた発電コスト，輸送時のエネルギー損失及び環境への負荷についても確認させることが考えられる。
604,MD,1,ア　安全・適切な製作，実装，点検及び調整等ができること。
605,MD,1,問題を見いだして課題を設定し解決する力を育成するとともに，安全・適切な製作，実装，点検及び調整等ができるようにすることをねらいとしている。
606,MD,1,知的財産を保護し，活用を図ることが新たな知的財産の創造につながることに気付かせるなど，知的財産を創造，保護及び活用しようとする態度の育成を目指すようにする。
607,MD,1,作業内容に応じて防護眼鏡やマスク，帽子，手袋などを着用させ，怪我や火傷，感電等の事故の防止に努めるとともに，作業後にうがいや手洗いを実施するなど，衛生にも十分配慮する。
608,MD,1,製作品の機械的な部分の組立て・調整を行う場合には，組立ての作業手順，部品の点検と異常の原因の追求，潤滑油の選択と利用などについて知ることができるようにするとともに，目的の働きや動作をしない場合には，その原因を生徒自らが考えて解決させることが考えられる。
609,MD,1,課題の解決策を具体化する際には，繰り返し試行錯誤できる実験装置やICTを活用したシミュレーション等を用いて試行・試作させることも考えられる。
610,MD,1,製作品の製作及び使用に当たっては，火傷や感電事故，火災などの防止に十分に注意させるとともに，定期的な点検を行わせるよう配慮することも必要である。
611,MD,1,社会からの要求，使用時の安全性，システム，経済性，情報の倫理やセキュリティ等に着目し，情報の表現，記録，計算，通信の特性等にも配慮し，情報のデジタル化や処理の自動化，システム化による処理の方法等を最適化することなどが考えられる。
612,MD,1,家庭分野が学習対象としている家族や家庭，衣食住，消費や環境などに係る生活事象を，協力・協働，健康・快適・安全，生活文化の継承・創造，持続可能な社会の構築等の視点で捉え，生涯にわたって，自立し共に生きる生活を創造できるよう，よりよい生活を営むために工夫する。
613,MD,1,生活を営む上で必要な「A家族・家庭生活」，「B衣食住の生活」，「C消費生活・環境」の三つの内容について，理論のみの学習に終わることなく，調理，製作等の実習や観察，調査，実験などの実践的・体験的な活動を通して学習することにより，習得した知識及び技能を生活に生かす。
614,MD,1,そのため，家庭分野の学習では，実生活と関連を図った問題解決的な学習を効果的に取り入れ，これら三つの柱を相互に関連させることにより，家庭分野全体の資質・能力を育成することが重要である。
615,MD,1,家族・家庭の機能について理解を深め，家族・家庭，衣食住，消費や環境などについて，生活の自立に必要な基礎的な理解を図るとともに，それらに係る技能を身に付けるようにする。
616,MD,1,学習内容として主に家庭生活に焦点を当て，家族・家庭，衣食住，消費や環境などに関する内容を取り上げ，生活の自立に必要な基礎的な理解を図るとともに，それらに係る技能を身に付けることを示している。
617,MD,1,子供を育てる機能，心の安らぎを得るなどの精神的な機能，衣食住などの生活を営む機能，収入を得るなどの経済的な機能，生活文化を継承する機能などについて理解を深め，これからの生活についても展望できる基礎を培うことを意図している。
618,MD,1,家族・家庭の基本的な機能については，「A家族・家庭生活」，「B衣食住の生活」，「C消費生活・環境」の内容と関わらせて，その重要性について理解できるようにすることが大切である。
619,MD,1,本学校で習得することを目指す生活の自立に必要とされる家族・家庭，衣食住，消費や環境などに関する「知識及び技能」は，生活に応用・発展できるもの，生活における工夫・創造につながるものとして，変化の激しい社会において心身ともに健康で豊かに生きるために必要である。
620,MD,1,既習の知識及び技能や生活経験を基に家族・家庭や地域における生活を見つめることを通して，問題を見いだし，解決すべき課題を設定する力を育成することについて示したものである。
621,MD,1,解決の見通しをもって計画を立てることを通して，生活課題について多角的に捉え，解決方法を検討し，計画，立案する力を育成することについて示したものである。
622,MD,1,他者からの意見等を踏まえて，計画を評価・改善し，最善の方法を判断・決定できるようにする。
623,MD,1,調理や製作等の実習や，調査，交流活動等を通して，課題の解決に向けて実践したことを振り返り，考察したことを発表し合い，他者からの意見を踏まえて改善策を検討するなど，実践活動を評価・改善する力を育成することについて示したものである。
624,MD,1,考察したことを根拠や理由を明確にして筋道を立てて説明したり，発表したりすることができるようにする。
625,MD,1,将来にわたって自立した生活を営む見通しをもち，よりよい生活の実現に向けて，身近な生活の課題を主体的に捉え，具体的な実践を通して，課題の解決を目指すことを意図している。
626,MD,1,身に付けた資質・能力を活用し，自分と家族，家庭生活と地域との関わりを見つめ直し，家族や地域の人々と協働して生活を工夫し創造しようとする実践的な態度を養うことを明確にしたものである。
627,MD,1,家族の互いの立場や役割が分かり，自分の生活を支える家庭生活が地域との相互の関わりで成り立っていることを理解した上で，自分も家庭生活や地域を支える一員として，生活をよりよくしようと積極的に取り組むことができるようにすることについて示したものである。
628,MD,1,よりよい生活の実現を目指して，家族と協力し，地域に住む様々な世代の人々とともに力を合わせて，主体的に物事に取り組むことを示したものである。
629,MD,1,少子高齢社会の進展に対応し，特に，高齢者などとの関わり方について理解し，適切に関わることが大切である。
630,MD,1,本学校における空間軸の視点は，主に家庭と地域，時間軸の視点は，主にこれからの生活を展望した現在の生活である。
631,MD,1,「生活の課題と実践」については，各内容に位置付け，生徒の興味・関心や学校，地域の実態に応じて，「A家族・家庭生活」の(4)，「B衣食住の生活」の(7)及び「C消費生活・環境」の(3)の三項目のうち，一以上を選択して履修させることとしている。
632,MD,1,少子高齢社会の進展に対応して，家族や地域の人々と関わる力の育成を重視し，高齢者など地域の人々と協働することや高齢者との関わり方について理解することなどを扱うこととしている。
633,MD,1,イ「B衣食住の生活」においては，食育を一層推進するために，献立，調理に関する内容を充実するとともに，グローバル化に対応して，和食，和服など日本の生活文化の継承に関わる内容を扱うこととしている。
634,MD,1,ウ「C消費生活・環境」においては，持続可能な社会の構築に対応して，計画的な金銭管理，消費者被害への対応について扱うとともに，資源や環境に配慮したライフスタイルの確立の基礎となる内容を扱うこととしている。
635,MD,1,「家族・家庭生活」の内容は，全ての生徒に履修させる「自分の成長と家族・家庭生活」，「幼児の生活と家族」，「家族・家庭や地域との関わり」と，生徒の興h味・関心や学校，地域の実態等に応じて選択して履修させる「家族・家庭生活についての課題と実践」の4項目で構成されている。
636,MD,1,今回の改訂では，小・中・高等学校の内容の系統性を図り，少子高齢社会の進展に対応して，幼児と触れ合う活動などを一層充実するとともに，高齢者など地域の人々と協働することについての内容を新設した。
637,MD,1,道徳科や他教科等の学習と関連を図るために，指導の時期等についても配慮する。
638,MD,1,相互に関連を図り，実習や観察，ロールプレイングなどの学習活動を中心とするよう留意すること。
639,MD,1,ここでは，自分の成長を振り返ることを通して，自分の成長と家族や家庭生活との関わりが分かり，家族・家庭の基本的な機能について理解するとともに，家族や地域の人々と協力・協働して家庭生活を営む必要があることに気付くことをねらいとしている。
640,MD,1,一人一人の生活の自立や，家族や地域の人々と共に家庭生活を工夫し創造することにつながることが分かり，家庭分野の学習への期待と意欲をもつことができるようにする。
641,MD,1,子供を育てる機能，心の安らぎを得るなどの精神的な機能，衣食住などの生活を営む機能，収入を得るなどの経済的な機能，生活文化を継承する機能などを理解できるようにする。
642,MD,1,これらの学習を通して，家庭は家族の生活の場であり，家族との関わりの中で衣食住や安全，保護，愛情などの基本的な要求を充足し，心の安定や安らぎを得ていることなどに気付くようにする。
643,MD,1,家族や地域の人々が互いに助け合い，連携することにより，健康・快適・安全で環境に配慮した家庭生活が営まれることが分かり，家族や地域の人々と協力・協働する必要があることに気付くようにする。
644,MD,1,物語などを活用して，自分の成長とそれに関わってきた人々について振り返ったり，家族・家庭の基本的な機能について話し合ったりする活動などが考えられる。
645,MD,1,幼児とのよりよい関わり方について考え，工夫すること。
646,MD,1,幼稚園，保育所，認定こども園などの幼児の観察や幼児との触れ合いができるよう留意すること。
647,MD,1,幼児期における周囲との基本的な信頼関係や生活習慣の形成の重要性についても扱うこと。
648,MD,1,幼児の生活と家族について，課題をもって，幼児の発達と生活，幼児との関わり方に関する基礎的・基本的な知識を身に付け，それを支える家族の役割や遊びの意義について理解し，幼児との関わり方を工夫することができるようにすることをねらいとしている。
649,MD,1,幼児の発達と生活の特徴が分かり，子供が育つ環境としての家族の役割について理解すること。
650,MD,1,幼児の心身の発達とそれを支える生活や，幼児期における周囲の人との基本的な信頼関係や生活習慣の形成の重要性が分かり，幼児にふさわしい生活を整える家族の役割について理解できるようにする。
651,MD,1,幼児の発達の特徴については，身体の発育や運動機能，言語，認知，情緒，社会性などの発達の概要について理解できるようにする。また，これらの発達の方向性や順序性とともに，個人差があることを理解できるようにする。
652,MD,1,認知については，ものの捉え方について扱い，幼児は自己中心的に物事を考えたり，生命のないものにも命や意識があると捉えたりするなどの特徴があることを理解できるようにする。
653,MD,1,幼児の生活の特徴については，幼児は遊びを中心とした1日を過ごしており，昼寝をするなど全体の睡眠時間が長く，3回の食事以外にも間食をとるなどの生活リズムをもっていることを理解できるようにする。
654,MD,1,食事，睡眠，排泄，着脱衣，清潔などの基本的な生活習慣については，生活の自立の基礎となるので，幼児の心身の発達に応じて，親をはじめ周囲の大人が適切な時期と方法を考えて身に付けさせる必要があることを理解できるようにする。
655,MD,1,あいさつや安全のルールなど，人との関わりや社会のきまりなどについても，適切な時期と方法を考えて身に付けさせる必要があることにも触れるようにする。
656,MD,1,子供が育つ環境としての家族の役割については，幼児の心身の発達を支え，生活の自立に向けた生活習慣の形成を促すために，幼児にふさわしい生活を整える役割があることを理解できるようにする。
657,MD,1,家庭生活の中で，親やそれに代わる人が愛情をもって接し，幼児との基本的な信頼関係を形成することが，その後の発達においても大切であることを理解できるようにする。
658,MD,1,また，幼児期は，基本的な信頼関係を基盤に，主体的に周囲に関わる体験を通して，心身の発達が促されることについても触れるようにする。
659,MD,1,身近な幼児と幼児に関わる人々の観察や視聴覚教材の活用，ロールプレイングなどの学習活動を通して具体的に扱うよう配慮する。
660,MD,1,幼稚園や保育所，認定こども園などでの幼児の観察を通して，幼児の発達と生活の特徴について話し合う活動などが考えられる。
661,MD,1,親子の観察などを通して，幼児は周囲の人に保護され見守られて育ち，適切な保護や関わりが子供の成長に必要であることに気付くよう配慮する。
662,MD,1,幼児にとっての遊びの意義や幼児との関わり方について理解すること。
663,MD,1,幼児の生活や遊びを観察したり，一緒に遊んだりするなどの実践的・体験的な活動を通して，幼児にとっての遊びの意義や幼児との関わり方について理解できるようにする。
664,MD,1,幼児にとっての遊びの意義については，幼児にとって遊びは生活そのものであり，身体の発育や運動機能，言語，認知，情緒，社会性などの発達を促すことや，特に成長に応じて友達と関わりながら遊ぶことが大切であることを理解できるようにする。
665,MD,1,幼児の遊びについては，市販の玩具・遊具や絵本などを用いた遊び，自然の素材や身の回りのものを用いた遊び，言葉や身体を用いた遊びなど，様々な遊びがあることに気付くようにする。
666,MD,1,絵本は言語や情緒の発達を促すなど，遊びの種類により促される発達が異なることを理解できるようにするとともに，安全な遊び道具についても触れるようにする。
667,MD,1,また，子供の成長にとっては，室内遊びだけでなく戸外での遊びも大切であることや，適切で十分な遊びを経験できる環境が重要であることを理解できるようにする。
668,MD,1,さらに，伝承遊びについても触れ，そのよさや日本の生活文化の継承にも関わることに気付くようにする。
669,MD,1,幼児との関わり方については，幼児の発達や生活の特徴を踏まえ，幼児に応じた関わり方を考えることが大切であることを理解できるようにする。
670,MD,1,幼児と目の高さを合わせ，一人一人の話を丁寧に聞いたり，ゆっくりと分かりやすい言葉で話したりする必要があることなどを理解できるようにする。
671,MD,1,幼児によって発達や基本的生活習慣の習得の程度，遊びの種類や遊び方，友達や大人との関わり方などが異なるため，観察を通して，対象とする幼児について理解を深めることが大切であることにも気付くようにする。
672,MD,1,幼児を観察する際には，幼児の表情や行動をよく見ながら言葉を聞き取るなどして，何に興味をもち，楽しんでいるのかなど，幼児の思いを読み取ることが大切であることに気付くようにする。
673,MD,1,幼児と関わる際には，安全面や衛生面への配慮も必要であることを理解できるようにする。
674,MD,1,指導に当たっては，幼児を観察したり，一緒に遊んだりするなどの直接的な体験を通して，遊びの意義や幼児との関わり方について実感を伴って理解できるよう配慮する。
675,MD,1,幼児を実際に観察したり，触れ合ったりすることが難しい場合には，視聴覚教材を活用したり，ロールプレイングをしたりする活動などが考えられる。
676,MD,1,幼児とのよりよい関わり方について考え，工夫すること。
677,MD,1,幼児と触れ合う活動における幼児との関わり方についての課題を解決するために，よりよい関わり方を考え，工夫することができるようにする。
678,MD,1,課題については，幼児の心身の発達などを踏まえて，幼児との関わり方についての問題を見いだし，設定するようにする。
679,MD,1,幼児を観察したり，遊んだりするなどの直接的な体験などを通して，幼児の発達の状況や生活の様子，興味・関心に応じた関わり方を検討できるようにする。
680,MD,1,幼児と触れ合う活動の記録をまとめたり，理解が深まったことや考えたことなどを報告したりすることを通して評価し，どのように改善したらよいかを考えることができるようにする。
681,MD,1,事前の打ち合わせを十分に行い，対象とする幼児の発達や興味などを把握して活動の計画を立てるようにし，体験後に記録をまとめたり，話し合ったりして振り返りを十分行うようにする。
682,MD,1,地域の実態に応じて，子育て支援などの関係機関や子育てサークルの親子などとの触れ合いや，教室に幼児を招いての触れ合いを工夫するなど，可能な限り直接的な体験ができるよう留意する。
683,MD,1,幼児と触れ合うことの楽しさやよさを実感できるよう配慮する。
684,MD,1,幼稚園，保育所，認定こども園などで，幼児が遊んでいる遊び道具や身体を使って一緒に遊んだり，絵本を読んだりする中で，幼児との関わり方を工夫する活動などが考えられる。
685,MD,1,家族関係をよりよくする方法及び高齢者など地域の人々と関わり，協働する方法について考え，工夫すること。
686,MD,1,高齢者の身体の特徴についても触れること。
687,MD,1,高齢者の介護の基礎に関する体験的な活動ができるよう留意すること。
688,MD,1,家族の互いの立場や役割が分かり，協力することによって家族関係をよりよくできることについて理解すること。
689,MD,1,家族の互いの立場や役割が分かり，それらを踏まえて家族が協力することによって家族関係をよりよくできることについて理解できるようにする。
690,MD,1,家族の互いの立場や役割については，自分自身を含め家族にはそれぞれの立場や役割があることを理解できるようにする。
691,MD,1,協力することによって家族関係をよりよくできることについては，家族一人一人が，互いの立場や役割の違いを踏まえて協力することで家族関係がよりよくなることを理解できるようにする。
692,MD,1,家族の一員として家族関係をよりよくするために協力できることがあることに気付くようにする。
693,MD,1,これからの自分の生活に関心をもち，将来の家庭生活や家族との関わりに期待をもてるようにする。
694,MD,1,物語などを活用したり，ロールプレイングをしたりして，様々な場面での家族とのコミュニケーションを取り上げ，協力することの大切さについて話し合う活動などが考えられる。
695,MD,1,ア　(イ)家庭生活は地域との相互の関わりで成り立っていることが分かり，高齢者など地域の人々と協働する必要があることや介護など高齢者との関わり方について理解すること。
696,MD,1,自分の生活を支える家庭生活が地域との相互の関わりで成り立っていることが分かり，高齢者など地域の人々と協働する必要があることや，高齢者の身体の特徴を踏まえた関わり方について理解できるようにする。
697,MD,1,家庭生活は地域との相互の関わりで成り立っていることについては，例えば，地域の祭りなどの行事や，清掃，防災訓練等の活動によって，家庭生活が支えられていることや，自分や家族もそれらに関わることで地域を支えていることが分かるようにする。
698,MD,1,家族や地域の一員として支える側になることができることが分かり，地域でのルールやマナーを守ったり，仕事を分担したりするなど，進んで協働することが必要であることを理解できるようにする。
699,MD,1,介護など高齢者との関わり方については，視力や聴力，筋力の低下など高齢者の身体の特徴が分かり，それらを踏まえて関わる必要があることを理解できるようにする。
700,MD,1,介護については，家庭や地域で高齢者と関わり協働するために必要な学習内容として，立ち上がりや歩行などの介助の方法について扱い，理解できるようにする。
701,MD,1,高齢者など地域の人々にインタビューして家庭生活と地域との関わりについて調べたり，自分が地域の人々とともにできることについて話し合ったりする活動などが考えられる。
702,MD,1,高齢者との関わり方については，介護の基礎に関する体験的な活動を通して，実感を伴って理解できるよう配慮する。
703,MD,1,高齢者の介護の専門家などから介助の仕方について話を聞く活動なども考えられる。
704,MD,1,家族関係をよりよくする方法及び高齢者など地域の人々と関わり，協働する方法について考え，工夫すること。
705,MD,1,家族関係をよりよくする方法や，高齢者など地域の人々と関わり協働する方法についての課題を解決するために，アで身に付けた基礎的・基本的な知識を活用し，協力・協働などの視点から，家族や地域の人々との関わりについて考え，工夫することができるようにする。
706,MD,1,身近な家族関係に関する問題を見いだし，課題を設定するようにする。
707,MD,1,主に高齢者など地域の人々との関わりについての問題を見いだし，課題を設定するようにする。
708,MD,1,どのようにすれば高齢者など地域の人々とよりよく関わり，協働することができるかについて検討できるようにする。
709,MD,1,高齢者との適切な関わり方について，身体の特徴などを踏まえて話し合う活動なども考えられる。
710,MD,1,家族，幼児の生活又は地域の生活の中から問題を見いだして課題を設定し，様々な解決方法を考え，計画を立てて実践した結果を評価・改善し，考察したことを論理的に表現するなどの学習を通して，課題を解決する力と生活を工夫し創造しようとする実践的な態度を養う。
711,MD,1,幼児のための間食を作ることを課題として設定したり，幼児の遊び道具を製作することを課題として設定したりして，計画を立てて実践する活動などが考えられる。
712,MD,1,また，A(3)「家族・家庭や地域との関わり」とC(1)「金銭の管理と購入」や(2)「消費者の権利と責任」との関連を図り，地域の行事等でできることを課題として設定し，必要な物の購入やごみの減量化について計画を立てて，実践する活動などが考えられる。
713,MD,1,幼児の心身の発達や遊び，高齢者の身体の特徴などについて科学的な理解を深めるために，調査や観察，実習などの実践的・体験的な活動を充実することが大切である。
714,MD,1,幼児の心身の発達や遊びについて調査し，観察する活動などが考えられる。
715,MD,1,また，食生活，衣生活，住生活を総合的に捉え，「生活の営みに係る見方・考え方」を働かせ，健康・快適・安全で豊かな生活を営んだり，生活文化を継承したりする視点から，衣食住の生活に係る課題を解決する力を養い，実践できるようにすることを意図している。
716,MD,1,食事の役割，衣服の機能，住居の機能を取り上げる際には，「A家族・家庭生活」の(1)の家族・家庭の基本的な機能と関連させ，健康・快適・安全，生活文化の継承などの視点から考えることが大切であることに気付くようにする。
717,MD,1,「衣食住の生活についての課題と実践」では，「A家族・家庭生活」や「C消費生活・環境」との関連を図り，実践的な活動を家庭や地域などで行うことができるよう配慮する。
718,MD,1,家庭や地域社会と積極的に連携を図り，生徒が身に付けた知識及び技能などを生活に活用し，実践できるよう配慮する。
719,MD,1,健康によい食習慣，栄養素や食品の栄養的な特質，食品の種類と概量，献立作成，食品の選択と調理などに関する知識及び技能を身に付け，これからの生活を展望して，食生活の課題を解決する力を養い，食生活を工夫し創造しようとする実践的な態度を育成する。
720,MD,1,日本の食文化への理解を深めるために，地域の食材を用いた調理として和食を扱うこととしている。
721,MD,1,理科，保健体育科等の他教科等の学習と関連を図るために，指導の時期等についても配慮する。
722,MD,1,日常の食生活を振り返ることを通して，生活の中で食事が果たす役割を理解できるようにする。
723,MD,1,食品の不適切な扱いによっては，食中毒などにより健康を損ねたり，生命の危険にもつながったりすることから，健康で安全な食生活を営むためには，調理における食品の衛生的な扱いに関する知識及び技能を習得する必要があることにも気付くようにする。
724,MD,1,日常の食生活の在り方が環境に与える影響についても気付くようにする。
725,MD,1,食生活調べや話合いなどの活動を通して，食事の役割について具体的に理解できるよう配慮する。
726,MD,1,食事を共にする意義や食文化を継承することについても扱うこと。
727,MD,1,身体の成長が盛んで活動が活発な時期であるため，エネルギー及びたんぱく質やカルシウムなどの栄養素を十分に摂取する必要があることが分かり，日常生活で栄養的に過不足のない食事をとる必要があることを理解できるようにする。
728,MD,1,健康の保持増進と成長のために必要なエネルギーや栄養素の摂取量の基準が食事摂取基準に示されていることが分かるようにする。
729,MD,1,健康によい食習慣については，欠食や偏食を避け，栄養のバランスがよい食事をとることや1日3食を規則正しくとることの重要性について理解するとともに，健康によい食習慣を身に付け，日常生活において実践することの大切さにも気付くようにする。
730,MD,1,健康の保持増進のためには，食事に加え，運動，休養も重要な要素であることを理解し，適度な運動量を確保しながら，食事で必要な栄養量をとることが大切であることに気付くようにする。
731,MD,1,調査や話合いなどを取り入れたり，視聴覚教材などを活用したりして具体的に理解できるよう配慮する。
732,MD,1,1日の食事場面がイメージできる視聴覚教材などを活用して，健康によい食習慣について話し合う活動などが考えられる。
733,MD,1,理科〔第2分野〕「生物の体のつくりと働き」や保健体育科〔保健分野〕「健康な生活と疾病の予防」の学習などとの関連を図るよう配慮する。
734,MD,1,健康などの視点からよりよい食習慣について考え，工夫することができるようにする。
735,MD,1,家庭分野及び他教科等の既習事項や，自分の生活経験と関連付けて考え，適切な解決方法を選び，実践に向けて具体的に計画を考えることができるようにする。
736,MD,1,健康などを視点として，自分の食習慣について課題を設定し，その解決方法を話し合い，自分の考えを明確にしたり，他者と意見を共有して互いの考えを深めたりできるよう配慮する。
737,MD,1,一週間の生活時間と食事内容を振り返り，栄養のバランスや運動，休養について問題を見いだして課題を設定し，それを改善する方法について考える活動などが考えられる。
738,MD,1,水の働きや食物繊維についても触れること。
739,MD,1,「日常食の調理と地域の食文化」における調理実習との関連を図るよう配慮する。
740,MD,1,栄養素の種類と働きが分かり，食品の栄養的な特質について理解すること。
741,MD,1,いろいろな栄養素が相互に関連し合い健康の保持増進や成長のために役立っていることを理解するとともに，食品には複数の栄養素が様々な割合で含まれており，その栄養的な特質によって食品群に分類されることを理解できるようにする。
742,MD,1,炭水化物と脂質は，主として体内で燃焼してエネルギーになること。
743,MD,1,たんぱく質は，主として筋肉，血液などの体を構成する成分となるだけでなく，エネルギー源としても利用されること。
744,MD,1,無機質には，カルシウムや鉄などがあり，カルシウムは骨や歯の成分，鉄は血液の成分となるなどの働きと，体の調子を整える働きがあること。
745,MD,1,ビタミンには，A，B1，B2，C，Dなどの種類があり，いずれも体の調子を整える働きがあること。
746,MD,1,食物繊維は，消化されないが，腸の調子を整え，健康の保持のために必要であること，水は，五大栄養素には含まれないが，人の体の約60%は水分で構成されており，生命維持のために必要な成分であることにも触れるようにする。
747,MD,1,食品の栄養的な特質については，食品に含まれる栄養素の種類と量など栄養的な特質によって，食品は食品群に分類されることを理解できるようにする。
748,MD,1,食品に含まれる栄養素の種類と量については，日本食品標準成分表に示されていることが分かるようにする。
749,MD,1,調査や話合いなどを取り入れたり，デジタル教材などを活用したりして，栄養素に関心をもたせるよう配慮する。
750,MD,1,栄養素の種類と働きについては，運動をした後の体の状態を思い出し，活動に必要な栄養素や水分について調べたり，体の成長に必要な栄養素を調べたりする活動などが考えられる。
751,MD,1,また，学校給食や弁当の献立，家庭での食事などに使われている食品の栄養成分を日本食品標準成分表を用いて調べたり，それらの食品を食品群に分類したりして，食品の栄養的な特質を確認する活動などが考えられる。
752,MD,1,この学習では，理科〔第2分野〕「生物の体のつくりと働き」の学習と関連させて，栄養素の種類と働きについて理解させることも考えられる。
753,MD,1,主食，主菜，副菜などの料理の組合せで考え，さらに，食品群別摂取量の目安に示されている食品の種類と概量を踏まえて，料理に使われる食品の組合せを工夫し，栄養のバランスがよい献立に修正するという手順を理解できるようにする。
754,MD,1,指導に当たっては，実際の食品を食品群に分類したり，計量したりするなどの活動を通して，1日に必要な食品の概量を実感できるよう配慮する。
755,MD,1,食品群別摂取量の目安などの細かな数値にとらわれるのではなく，食事を食品の概量で捉えられるよう配慮する。
756,MD,1,なお，献立を考える際には，栄養，嗜好，調理法，季節，費用などの点から検討する必要があるが，ここでは主に栄養を考えた食品の組合せを中心に指導する。
757,MD,1,家庭分野及び他教科等の既習事項や，自分の生活経験と関連付けて考え，適切な改善方法を選び，具体的に献立を作成することができるようにする。
758,MD,1,献立の評価・改善については，献立作成において考えたことや工夫したことなどを振り返って評価し，発表し合う活動などを通して，どのように改善したらよいかを考えることができるようにする。
759,MD,1,指導に当たっては，1日3食のうち幾つかを指定して残りの献立を立案するなど，1日分の献立について全体的な栄養のバランスを考えることができるよう配慮する。
760,MD,1,(3)「日常食の調理と地域の食文化」のアの(ウ)や(エ)との関連を図り，実習する献立や伝統的な郷土料理，自分で作る昼食の弁当の献立を中心に1日分の献立を考える活動などが考えられる。
761,MD,1,学校給食が実施されている学校では，給食の献立を活用することが考えられる。
762,MD,1,日常の1食分の調理について，食品の選択や調理の仕方，調理計画を考え，工夫すること。
763,MD,1,煮る，焼く，蒸す等を扱うこと。また，魚，肉，野菜を中心として扱い，基礎的な題材を取り上げること。
764,MD,1,だしを用いた煮物又は汁物を取り上げること。
765,MD,1,地域の伝統的な行事食や郷土料理を扱うこともできること。
766,MD,1,日常食の調理と地域の食文化について，課題をもって，食品の選択と調理，地域の食文化に関する基礎的・基本的な知識及び技能を身に付け，日常食又は地域の食材などを生かした調理を工夫することができるようにすることをねらいとしている。
767,MD,1,調理については，1食分の献立を手順を考えながら調理することができるよう配慮するとともに，安全と衛生に留意して食品や調理用具等の適切な管理ができるようにする。
768,MD,1,日常生活と関連付け，用途に応じた食品の選択について理解し，適切にできること。
769,MD,1,日常よく用いられている食品の品質を外観や表示などから見分けることができるようにするとともに，日常生活と関連付け，用途に応じて適切に選択ができるようにする。
770,MD,1,用途に応じた食品の選択については，目的，栄養，価格，調理の能率，環境への影響などの諸条件を考えて選択することが大切であることを理解できるように生鮮食品については，調理実習で用いる魚，肉，野菜などの食品を取り上げ，鮮度や品質の見分け方について理解し，選択できるようにする。
771,MD,1,加工食品については，身近なものを取り上げ，その原材料や食品添加物，栄養成分，アレルギー物質，期限，保存方法などの表示を理解して用途に応じた選択ができるようにする。
772,MD,1,生鮮食品と加工食品との比較から，加工食品の種類やその意義についても触れ，加工食品を適切に利用するために表示を理解することが必要であることに気付くようにする。
773,MD,1,食品添加物や残留農薬，放射性物質などについては，基準値を設けて，食品の安全を確保する仕組みがあることにも触れるようにする。
774,MD,1,調理実習で使用する生鮮食品や加工食品の表示調べをしたり，手作りのものと市販の加工食品などを比較して用途に応じた選択について話し合ったりする活動などが考えられる。
775,MD,1,ア　(イ)食品や調理用具等の安全と衛生に留意した管理について理解し，適切にできること。
776,MD,1,魚，肉，野菜を中心に日常よく用いられる食品や調理用具等を取り上げ，安全と衛生に留意した取扱い方を理解し，適切に管理できるようにする。
777,MD,1,食品の安全と衛生に留意した管理については，(3)「日常食の調理と地域の食文化」のアの(ア)との関連を図り，調理実習のために購入した食品の適切な取扱いを理解し，できるようにする。
778,MD,1,魚や肉などの生の食品については，食中毒の予防のために，安全で衛生的に取り扱うことができるようにする。
779,MD,1,食品の保存方法と保存期間の関係については，食品の腐敗や食中毒の原因と関連付けて理解できるようにする。
780,MD,1,ごみを適切に処理できるようにする。
781,MD,1,調理用具等の安全と衛生に留意した管理については，調理実習に用いる用具を中心に正しい使い方を理解し，安全に取り扱うことができるようにする。
782,MD,1,ふきんやまな板の衛生的な取扱いや包丁などの刃物の安全な取扱いができるようにする。
783,MD,1,調理用の熱源については，主に電気とガスの特徴を理解し，電気やガス用の器具を効率よく安全に取り扱うことができるようにする。
784,MD,1,熱源の周囲の片付けや換気の必要性を確認し，使用後の後始末については，ガスの元栓の閉め忘れや電源の切り忘れがないようにする。
785,MD,1,材料に適した加熱調理の仕方について理解し，基礎的な日常食の調理が適切にできること。
786,MD,1,材料に適した加熱調理の仕方について理解し，基礎的な日常食の調理ができるようにする。
787,MD,1,実習の題材については，基本的な調理操作や食品の衛生的な扱い方が習得できる基礎的なものとする。
788,MD,1,いずれの調理も火加減の調節が大切であることを理解し，加熱器具を適切に操作して魚，肉，野菜などを用いた基礎的な日常食の調理ができるようにする。
789,MD,1,煮るについては，材料の種類や切り方などによって煮方が異なること，調味の仕方が汁の量によって異なることなどを理解できるようにする。
790,MD,1,焼くについては，直火焼き，フライパンやオーブンなどを用いた間接焼きがあり，それぞれ特徴があることを理解できるようにする。
791,MD,1,蒸すについては，ゆでる，いためる調理などと比較することにより，水蒸気で加熱する蒸し調理の特徴を理解できるようにする。
792,MD,1,その際，野菜やいも類などを蒸したり，小麦粉を使った菓子を調理したりするなど，基礎的な調理を扱うようにする。
793,MD,1,魚や肉については，加熱することで衛生的で安全になることが分かり，中心まで火を通す方法を理解し，できるようにする。
794,MD,1,魚の種類や肉の部位等によって調理法が異なることや主な成分であるたんぱく質が加熱によって変性・凝固し，硬さ，色，味，においが変化するため，調理の目的に合った加熱方法が必要であることを理解できるようにする。
795,MD,1,野菜については，生食できること，食塩をふると水分が出てしなやかになること，加熱すると組織が軟らかくなることなどを理解できるようにする。
796,MD,1,野菜の切り口が変色することや，緑黄色野菜は加熱のしすぎなどによって色が悪くなることなどについても触れ，それを防止する方法を理解できるようにする。
797,MD,1,青菜などの野菜は加熱によってかさが減り，食べやすくなることも理解できるようにする。
798,MD,1,その他の食品として卵やいも類などの身近なものを取り上げ，魚や肉，野菜と組み合わせるなどして題材とする。
799,MD,1,卵については，主な成分であるたんぱく質が加熱によって凝固することを利用して，様々な調理に用いられていることを理解し，適切に調理できるようにする。
800,MD,1,調理操作に関しては，衛生的な観点などから食品によって適切な洗い方があることを理解させるとともに排水などの問題についても触れるようにする。
801,MD,1,安全な包丁の使い方を知り，食べられない部分を切除し，食べやすさ，加熱しやすさ，調味料のしみ込みやすさ，見た目の美しさなどを考えて適切に切ることができるようにする。
802,MD,1,調味については，食塩，みそ，しょうゆ，さとう，食酢，油脂などを用いて，調理の目的に合った調味ができるようにする。
803,MD,1,計量器の適切な使用方法についても触れるようにする。
804,MD,1,盛り付けや配膳については，料理の外観がおいしさに影響を与えることを理解させ，料理の様式に応じた方法でできるようにする。
805,MD,1,調理実習に際しては，調理に必要な手順や時間を考えて計画を立てて行い，調理の後始末の仕方や実習後の評価も含めて学習できるようにする。
806,MD,1,安全と衛生に留意した調理ができるようにするとともに，調理することの喜びを味わい，自ら調理することによって食生活に対する関心を高め，日常生活における実践につなげることができるようにする。
807,MD,1,地域の食文化について理解し，地域の食材を用いた和食の調理が適切にできること。
808,MD,1,地域の食材を用いた和食の調理を扱い，地域の食材のよさや食文化について理解し，それらを用いた和食の調理ができるようにする。
809,MD,1,地域の食文化については，主として，地域又は季節の食材を用いることの意義について理解できるようにする。
810,MD,1,地域の食材は生産者と消費者の距離が近いために，より新鮮なものを食べることができるなど，地域又は季節の食材のよさに気付くことができるようにする。
811,MD,1,実際に食材に触れ，和食の調理をすることを通して，自分の住む地域の食文化についても理解できるようにする。
812,MD,1,地域の食材を用いた和食の調理については，日常食べられている和食として，だしと地域又は季節の食材を用いた煮物又は汁物を取り上げ，適切に調理ができるようにする。
813,MD,1,だしの種類や料理に適しただしの取り方に気付くことができるようにする。
814,MD,1,地域の実態に応じて，地域の伝統的な行事食や郷土料理を扱うことも考えられる。
815,MD,1,食事には文化を伝える役割もあることを理解できるようにする。
816,MD,1,課題については，日常の1食分の調理において，食品の選択や調理の仕方，調理計画に関する問題を見いだし，設定するようにする。
817,MD,1,解決方法については，考えたことをグループで発表し合う活動などを通して，用途に応じた食品の選択や材料に適した調理の仕方，手順を考えた効率的な調理計画について検討できるようにする。
818,MD,1,その際，実生活で活用できるようにするために，調理計画は，1食分を1人で調理する場合の計画についても考えることができるよう配慮する。
819,MD,1,1食分の調理については，グループで行う場合や，1人で行う場合などが考えられるが，いずれにおいても，実践を通して考えたことや学んだことをグループや学級内で話し合う活動などを工夫し，効果的に学習を展開できるように配慮する。
820,MD,1,食事の重要性，心身の成長や健康の保持増進の上で望ましい栄養や食事のとり方，食品の品質及び安全性等について自ら判断できる能力，望ましい食習慣の形成，地域の産物，食文化の理解，基礎的・基本的な調理の知識及び技能などを総合的に育むことが大切である。
821,MD,1,「衣生活」の内容は，(4)「衣服の選択と手入れ」，(5)「生活を豊かにするための布を用いた製作」の2項目で構成されている。
822,MD,1,衣服の適切な選択や着用，衣服の計画的な活用，日常着の手入れ，製作に関する知識及び技能を身に付け，これからの生活を展望して，衣生活の課題を解決する力を養い，衣生活を工夫し創造しようとする実践的な態度を育成する。
823,MD,1,資源や環境に配慮する視点から，衣服等の再利用の方法についても触れることとしている。
824,MD,1,衣服の計画的な活用においては，衣服の選択や購入，手入れを取り上げ，購入から廃棄までを見通し，資源や環境に配慮することの大切さに気付かせるようにする。
825,MD,1,衣服の機能については，社会生活を営む上での機能を中心に扱い，日本の伝統的な衣服である和服について触れることとしている。
826,MD,1,衣服の選択，材料や状態に応じた日常着の手入れの仕方を考え，工夫すること。
827,MD,1,日本の伝統的な衣服である和服について触れること。
828,MD,1,和服の基本的な着装を扱うこともできること。さらに，既製服の表示と選択に当たっての留意事項を扱うこと。
829,MD,1,日常着の手入れは主として洗濯と補修を扱うこと。
830,MD,1,衣服の選択と手入れについて，課題をもって，衣服と社会生活との関わりについて理解し，衣服の選択，着用及び手入れに関する基礎的・基本的な知識及び技能を身に付け，衣服の選択，日常着の手入れの仕方を工夫することができるようにすることをねらいとしている。
831,MD,1,衣服と社会生活との関わりが分かり，目的に応じた着用，個性を生かす着用及び衣服の適切な選択について理解すること。
832,MD,1,衣服の社会生活上の機能が分かり，時・場所・場合に応じた衣服の着用や個性を生かす着用，衣服の適切な選択について理解できるようにする。
833,MD,1,所属や職業を表したり，行事などによって衣服や着方にきまりがあったりするなど，社会生活を営む上での機能を中心に理解できるようにする。
834,MD,1,和服は日本の伝統的な衣服であり，冠婚葬祭や儀式等で着用することや，地域の祭りなどで浴衣を着用することなどについて触れるようにする。
835,MD,1,和服と洋服の構成や着方の違いに気付くようにするとともに，和服の基本的な着装を扱うことも考えられる。
836,MD,1,学校生活や行事，訪問などの目的に応じた，それぞれの場にふさわしい着方があることを理解できるようにする。
837,MD,1,個性を生かす着用については，衣服の種類や組合せ，襟の形やゆとり，色などによって人に与える印象が異なることを理解できるようにする。
838,MD,1,衣服の適切な選択については，既製服を中心に取り扱い，組成表示，取扱い表示，サイズ表示等の意味を理解できるようにする。
839,MD,1,衣服の購入に当たっては，縫い方やボタン付け等の縫製の良否，手入れの仕方，手持ちの衣服との組合せ，価格などにも留意し，目的に応じて衣服を選択する必要があることを理解できるようにする。
840,MD,1,また，既製服のサイズは身体部位の寸法で示されることと計測の仕方を理解できるようにする。
841,MD,1,なお，衣服の入手については，購入するだけではなく，環境に配慮する視点から，他の人から譲り受けたり，リフォームしたりする方法があることにも触れるようにする。
842,MD,1,例えば，目的に応じた着用については，各種の制服や流行について話し合ったり，具体的な生活場面を想定して発表し合ったりする活動などが考えられる。
843,MD,1,衣服の計画的な活用の必要性，衣服の材料や状態に応じた日常着の手入れについて理解し，適切にできること。
844,MD,1,衣服を快適に着用するために，衣服を計画的に活用することの必要性が分かり，衣服の材料や汚れ方に応じた日常着の洗濯と衣服の状態に応じた補修等の手入れについて理解し，適切にできるようにする。
845,MD,1,衣服の計画的な活用の必要性については，衣服の過不足や処分を考えることを通して，着用しなくなった衣服を再利用したりリサイクルしたりするなど，衣服を計画的に活用する必要があることを理解できるようにする。
846,MD,1,健康・快適だけではなく，資源や環境への配慮の視点から，廃棄までを見通して衣服を購入することや，長持ちさせるための手入れが大切であることにも気付くようにする。
847,MD,1,綿，毛，ポリエステルなどを取り上げ，丈夫さ，防しわ性，アイロンかけの効果，洗濯による収縮性など，手入れに関わる基本的な性質とその違いに応じた手入れの仕方を理解し，日常着の洗濯などが適切にできるようにする。
848,MD,1,洗濯については，洗剤の働きと衣服の材料に応じた洗剤の種類などが分かり，洗剤を適切に選択して使用できるようにする。
849,MD,1,衣服の材料や汚れ方に応じた洗濯の仕方について理解できるようにする。
850,MD,1,洗い方については，汚れ落ちには，水性や油性などの汚れの性質，洗剤の働き，電気洗濯機の水流の強弱などが関わっていることや，部分洗いの効果にも気付くようにする。
851,MD,1,綿と毛，また，同じ綿でも織物と編物により，布の収縮や型くずれに配慮した洗い方や干し方などがあることにも触れるようにする。
852,MD,1,電気洗濯機を用いた洗濯の方法と特徴を理解し，洗濯機を適切に使用できるようにする。
853,MD,1,衣服によっては専門業者に依頼する必要があることや，手入れをした衣服を適切に保管する必要があることにも気付くようにする。
854,MD,1,衣服の状態に応じた日常着の手入れについては，衣服を大切にし，長持ちさせるために，例えば，まつり縫いによる裾上げ，ミシン縫いによるほころび直し，スナップ付けなどの補修を取り上げ，その目的と布地に適した方法について理解し，適切にできるようにする。
855,MD,1,日常の手入れとして，ブラシかけなどが有効であることを理解し，適切にできるようにする。
856,MD,1,指導に当たっては，実験，実習や調査を取り入れたり，デジタル教材などを活用したりすることを通して，具体的に理解できるようにするとともに，衣服の活用や手入れについて関心を高め，生活における実践につなげることができるよう配慮する。
857,MD,1,衣服の計画的な活用の必要性については，どのような資源が衣服の原料としてリサイクルされているのかを調べたり，回収された資源が新しい衣服に生まれ変わるまでの一連の流れを調べたりする活動などが考えられる。
858,MD,1,衣服の材料に応じた日常着の手入れについては，電気洗濯機を用いた実習を通して，洗濯機の水流の強弱による汚れの落ち方や布の収縮について調べたり，事前に手洗いをして洗濯するなど，部分洗いの効果について調べたりする活動などが考えられる。
859,MD,1,洗剤の働きなどについてデジタル教材を活用することなどが考えられる。
860,MD,1,身近な環境に配慮した水や洗剤の適切な使い方を調べるなど，持続可能な社会の構築についての理解が深まるよう配慮する。
861,MD,1,衣服の選択，材料や状態に応じた日常着の手入れの仕方を考え，工夫すること。
862,MD,1,衣服の選択や手入れについての課題を解決するために，アで身に付けた基礎的・基本的な知識及び技能を活用し，健康・快適などの視点から，衣服の選択及び手入れの仕方を考え，工夫することができるようにする。
863,MD,1,主に既製服の選択，購入に関する問題を見いだし，課題を設定するようにする。
864,MD,1,解決方法については，コンピュータなどの情報手段を活用して調べたり，デジタル教材を参考にしたりする活動や各自の生活経験について意見交流する活動などを通して，適切な衣服の選択について検討できるようにする。
865,MD,1,主に日常着の洗濯に関する問題を見いだし，課題を設定するようにする。
866,MD,1,解決方法については，洗剤や洗濯機について，家庭で調べたことを発表する活動や，衣服の材料や洗剤の特性について実験したりする活動を通して，衣服の材料に適した洗剤を選択し，材料や汚れ方に応じた洗濯の仕方について検討できるようにする。
867,MD,1,指導に当たっては，解決方法を考え，計画を立てたり，実践したことを評価・改善したりする際，他者との意見交換などを通して，多角的に検討できるよう配慮する。
868,MD,1,日常着の手入れについては，自分の衣服の材料に適した洗剤を選んだり，材料や汚れ方に応じて洗濯の仕方を考えたり，家庭で実践したりしたことについて，発表したりする活動などが考えられる。
869,MD,1,衣服等の再利用の方法についても触れること。
870,MD,1,生活を豊かにするための布を用いた製作について，課題をもって，製作する物に適した材料や縫い方，用具の安全な取扱いに関する基礎的・基本的な知識及び技能を身に付け，資源や環境に配慮して製作計画を考え，製作を工夫することができるようにすることをねらいとしている。
871,MD,1,生活を豊かにするための布を用いた製作とは，身の回りの生活を快適にしたり，便利にしたり，さらに資源や環境に配慮したりするなど，自分や家族，地域の人々の生活を豊かにする物を製作することである。
872,MD,1,布を用いた製作は，生活に役立つばかりではなく，家族や地域の人々との関わりを深めたり，生活文化への関心を高めたり，持続可能な社会の構築について考えたりすることにつながり，生活を豊かにするための営みに係るものである。
873,MD,1,製作を通して，自分自身が豊かな気持ちになることに気付くことができるようにするとともに，衣服等の再利用など布を無駄なく使うことが，資源や環境への配慮につながることを理解し，製作を工夫することができるようにする。
874,MD,1,「A家族・家庭生活」の(2)「幼児の生活と家族」の学習との関連を図り，幼児の生活を豊かにするための物を製作したり，「C消費生活・環境」の(2)「消費者の権利と責任」の学習との関連を図り，環境に配慮した生活を工夫するための物を製作したりすることなどが考えられる。
875,MD,1,製作に必要な材料，用具，製作手順，時間等の見通しをもち，目的に応じた縫い方や製作方法，ミシンやアイロン等の用具の安全な取扱いについて理解し，製作が適切にできるようにする。
876,MD,1,製作する物に適した材料や縫い方については，布等の材料の特徴を理解し，製作する物に適した材料を選ぶとともに，目的に応じた縫い方や製作方法等について理解できるようにする。
877,MD,1,衣服等を別の用途に作り直したり，デザインを変えたりするなど，再利用の方法について触れるようにする。
878,MD,1,製作に使用するミシンについては，使用前の点検，使用後の手入れとしまい方，簡単な調整方法について理解し，適切にできるようにする。
879,MD,1,ミシンの操作については，姿勢や動作が作業の正確さや能率に関係すること，作業環境の整備が安全に影響することなどにも触れるようにする。
880,MD,1,アイロンの取扱いについては，(4)のアの(イ)「日常着の手入れ」との関連を図り，布に応じた使い方ができるようにするとともに，火傷等に留意し，使用中，使用後の安全指導の徹底を図るようにする。
881,MD,1,様々な種類の布や縫い方の見本を参考にして，製作の用途に適した布や縫い方について話し合う活動などが考えられる。
882,MD,1,衣服等の再利用の方法については，具体的に理解できるよう，地域の高齢者や専門家などの協力を得ることなども考えられる。
883,MD,1,解決方法については，コンピュータなどの情報手段を活用して，衣服等の再利用の方法など布を無駄なく使う方法について調べる活動を通して，資源や環境に配慮した製作について検討できるようにする。
884,MD,1,既習事項や自分の生活経験と関連付けて考え，適切な解決方法を選び，製作に向けて具体的に計画を立てることができるようにする。
885,MD,1,製作の目的を明確にもち，個性や工夫が生かせるよう配慮する。
886,MD,1,製作の評価・改善については，計画どおりにできたかどうかなどを振り返って評価し，実践発表会などを通して，改善方法について考えることができるようにする。
887,MD,1,指導に当たっては，解決方法を考え，計画を立てたり，製作について評価・改善したりする際，他者との意見交換などを通して，多角的に検討できるよう配慮する。
888,MD,1,製作を通して，成就感を味わうとともに，自分や家族，地域の人々の生活を豊かにすることの大切さを実感できるよう配慮する。
889,MD,1,製作品を活用することを通して，資源や環境を大切にしようとする態度の育成につなげるよう配慮する。
890,MD,1,布を用いた物の製作計画については，例えば，生活を豊かにするための目的に合っているかどうか，資源や環境に配慮して，衣服等の再利用や布を無駄なく使うなどの工夫があるかどうかについて検討し，計画を見直して改善する活動などが考えられる。
891,MD,1,布を用いた物の製作については，例えば，着用されなくなった衣服を他の衣服に作り直す，別の用途の物に作り替えるなどの再利用の仕方を考えたり，色や柄の異なる複数の布を組み合わせて布の無駄のない使い方を考えたりして，製作を工夫する活動などが考えられる。
892,MD,1,「住生活」の内容は，(6)「住居の機能と安全な住まい方」の1項目で構成されている。
893,MD,1,家族の生活と住空間との関わり，住居の基本的な機能，家族の安全を考えた住空間の整え方に関する知識及び技能を身に付け，これからの生活を展望して，住生活の課題を解決する力を養い，住生活を工夫し創造しようとする実践的な態度を育成する。
894,MD,1,今回の改訂では，小学校と中学校の内容の系統性を図り，幼児や高齢者の家庭内の事故を防ぎ，自然災害に備えるための住空間の整え方を重点的に扱い，安全な住まい方の学習の充実を図ることとした。
895,MD,1,日本の生活文化への理解を深めるために，日本の伝統的な住様式等を扱うことなどが考えられる。
896,MD,1,家族の安全を考えた住空間の整え方について考え，工夫すること。
897,MD,1,簡単な図などによる住空間の構想を扱うこと。
898,MD,1,自然災害に備えた住空間の整え方についても扱うこと。
899,MD,1,住居の機能と安全な住まい方について，課題をもって，住居の基本的な機能について理解し，家庭内の事故を防ぎ，自然災害に備えるための住空間の整え方に関する基礎的・基本的な知識を身に付け，家族の安全を考えた住空間の整え方を工夫することができるようにすることをねらいとしている。
900,MD,1,「A家族・家庭生活」の(2)「幼児の生活と家族」の幼児の発達や，(3)「家族・家庭や地域との関わり」の高齢者の身体の特徴との関連を図り，幼児や高齢者の家庭内の事故の防ぎ方について考えることができるようにする。
901,MD,1,家族の生活と住空間との関わりが分かり，住居の基本的な機能について理解すること。
902,MD,1,自分や家族の生活行為と住空間との関わりが分かり，住居の基本的な機能について理解できるようにする。
903,MD,1,家族の生活と住空間との関わりについては，家族がどのような生活を重視するのかによって，住空間の使い方が異なることを理解できるようにする。
904,MD,1,家族が共に暮らすためには，住生活に対する思いや願いを互いに尊重しながら調整して住空間を整える必要があることを理解できるようにする。
905,MD,1,畳，座卓，座布団などを用いた我が国の座式の住まい方が現代の住居に受け継がれていることが分かり，現代の住居には和式と洋式を組み合わせた住空間の使い方の工夫があることに気付くようにする。
906,MD,1,その際，小学校における季節の変化に合わせた住まい方の学習を踏まえて，我が国の伝統的な住宅や住まい方に見られる様々な知恵に気付き，生活文化を継承する大切さに気付くようにする。
907,MD,1,和式と洋式については，布団とベッドによる就寝の形態や，押入れとクローゼットによる収納の形態などにも触れるようにする。
908,MD,1,住居の基本的な機能については，家族の生活と住空間との関わりを考えることを通して，住居は家族の安定した居場所であることを理解できるようにする。
909,MD,1,主として心身の安らぎと健康を維持する働き，子どもが育つ基盤としての働きなどがあることを理解できるようにする。
910,MD,1,住居の基本的な機能を充たすために，住居には，共同生活の空間，個人生活の空間などが必要であることを理解できるようにする。
911,MD,1,指導に当たっては，住空間を想像できるような簡単な図や写真，動画などを用いて，家族の生活と住空間との関わりについて具体的に理解できるよう配慮する。
912,MD,1,住居の機能に気付かせるために，家族を想定し，間取りが分かるような簡単な図などを活用して，家族の生活行為がどのような住空間で行われているのか，家具などをどのように配置するのかを話し合う活動などが考えられる。
913,MD,1,家庭内の事故の防ぎ方など家族の安全を考えた住空間の整え方について理解すること。
914,MD,1,家族が安心して住まうためには，住空間を安全な状態に整える必要があることが分かり，家庭内の事故を防ぎ，自然災害に備えるための住空間の整え方について理解できるようにする。
915,MD,1,家庭内の事故の防ぎ方など家族の安全を考えた住空間の整え方については，幼児や高齢者など様々な年齢で構成される家族が，住居内で安全に生活できるよう住空間を整える必要があることについて理解できるようにする。
916,MD,1,"家庭内の事故については,幼児や高齢者に起きることが多い事故を取り上げ，事故の要因と対策としての安全管理の方法について理解できるようにする。"
917,MD,1,幼児については，幼児の目の高さで安全点検をしたり，落下防止のために手すりや柵の高さに配慮したりすることのほかに，さわったり口に入れたりしては困るものを手の届くところに置かないように配慮することなどに気付くようにする。
918,MD,1,高齢者については，身体の機能の低下に応じて段差をなくしたり，手すりを付けたりすることや，照明を明るくしたり，浴室やトイレなどでは温度差を解消したりする必要があることなどに気付くようにする。
919,MD,1,室内の空気環境が家族の健康に及ぼす影響として，一酸化炭素や化学物質などによる空気汚染についても取り上げ，室内の空気を清浄に保つことによって安全な室内環境を整えることができることに気付くようにする。
920,MD,1,自然災害については，地域の実態に応じて過去の災害の例を取り上げることなどが考えられる。
921,MD,1,地震の場合は，家具の転倒・落下・移動などの危険を予測し，危険な箇所を見付け出すことができるようにする。
922,MD,1,写真や動画，簡単な図などを用いて，家庭内の事故や自然災害への対策としての住空間の整え方について具体的に考えることができるよう配慮する。
923,MD,1,室内の写真などから危険な箇所を見付けて住空間の図に書き込み，それを基に必要な備えとして住空間の整え方を検討する活動などが考えられる。
924,MD,1,家庭内の事故については，幼児や高齢者などの疑似体験を通して，事故が起きる状況を想定し，具体的な対策について理解を深める活動なども考えられる。
925,MD,1,家族の安全を考えた住空間の整え方について考え，工夫すること。
926,MD,1,解決方法については，コンピュータなどの情報手段を活用して家庭内の事故を防ぐ方法や自然災害に備える方法について調べたり，幼児や高齢者がいる家族にインタビューしたりするなど，より安全な住空間の整え方について様々な視点から情報を収集して検討できるようにする。
927,MD,1,家庭分野及び他教科等の既習事項や，自分の生活経験と関連付けて考え，適切な解決方法を選び，具体的に住空間の安全計画を立てることができるようにする。
928,MD,1,安全計画の評価・改善については，課題の解決が十分に図られているかなどを振り返って評価し，計画の改善について考えることができるようにする。
929,MD,1,指導に当たっては，解決方法を考えたり，計画を立てて評価・改善したりする際，他者との意見交換などを通して，多角的に検討できるよう配慮する。
930,MD,1,家庭内の事故の防ぎ方に関する知識を活用し，家族の年齢構成などに合わせて安全対策を実践したり，家族が利用する地域内の施設の安全点検をしたりする活動などが考えられる。
931,MD,1,自然災害への備えについては，各家庭における危険箇所を確認したり，災害時の行動マニュアルを作成したりする活動などが考えられる。
932,MD,1,家庭分野の内容の「A家族・家庭生活」の(4)，「B衣食住の生活」の(7)及び「C消費生活・環境」の(3)については，これら三項目のうち，一以上を選択し履修させること。
933,MD,1,B(3)「日常食の調理と地域の食文化」とC(2)「消費者の権利と責任」との関連を図り，環境に配慮して調理することを課題として設定し，計画を立てて実践する活動などが考えられる。
934,MD,1,B(5)「生活を豊かにするための布を用いた製作」とA(2)「幼児の生活と家族」との関連を図り，幼児の生活を豊かにすることを課題として設定し，衣服を再利用した幼児の生活に役立つ物などの製作について計画を立てて実践する活動などが考えられる。
935,MD,1,B(6)「住居の機能と安全な住まい方」とA(2)「幼児の生活と家族」やA(3)「家族・家庭や地域との関わり」との関連を図り，幼児や高齢者などの家族が安全で快適に生活することを課題として設定し，住空間の整え方について計画を立てて実践する活動などが考えられる。
936,MD,1,材料に適した加熱調理の仕方，衣服材料の特性を踏まえた手入れや製作，洗濯の仕方，家族の安全を考えた住空間の整え方などについて科学的な理解を深めるために，実習や実験，観察，調査などの実践的・体験的な活動を充実することが大切である。
937,MD,1,日本の伝統的な生活についても扱い，生活文化を継承する大切さに気付くことができるよう配慮すること。
938,MD,1,「B衣食住の生活」の内容の学習では，日本の伝統的な生活について学ぶことを通して，生活文化を継承しようとする態度を養うこととしている。
939,MD,1,課題をもって，持続可能な社会の構築に向けて考え，工夫する活動を通して，消費生活・環境に関する知識及び技能を身に付け，これからの生活を展望して，身近な消費生活と環境についての課題を解決する力を養い，身近な消費生活と環境について工夫し創造しようとする実践的な態度を育成する。
940,MD,1,今回の改訂では，キャッシュレス化の進行に伴い，小・中・高等学校の内容の系統性を図り，金銭の管理に関する内容を新設している。
941,MD,1,消費者被害の低年齢化に伴い，消費者被害の回避や適切な対応が一層重視されることから，売買契約の仕組みと関連させて消費者被害について取り扱うこととしている。
942,MD,1,持続可能な社会の構築に向けて，消費生活と環境を一層関連させて学習できるようにし，消費者教育の推進に関する法律(消費者教育推進法)の定義に基づく消費者市民社会の担い手として，自覚をもって環境に配慮したライフスタイルの確立の基礎を培うことを意図している。
943,MD,1,金銭の管理を取り上げる際には，「A家族・家庭生活」の(1)の家族・家庭の基本的な機能と関連させ，持続可能な社会の構築などの視点から考えることが大切であることに気付くようにする。
944,MD,1,(3)「消費生活・環境についての課題と実践」では，「A家族・家庭生活」や「B衣食住の生活」との関連を図り，実践的な活動を家庭や地域などで行うことができるよう配慮する。
945,MD,1,金銭の管理と購入について，課題をもって，計画的な金銭管理の必要性について理解する。
946,MD,1,購入方法や支払い方法の特徴，売買契約の仕組み，消費者被害の背景とその対応及び物資・サービスの選択に関する基礎的・基本的な知識及び技能を身に付け，物資・サービスの選択に必要な情報を活用して購入について工夫することができるようにする。
947,MD,1,「B衣食住の生活」の(3)「日常食の調理と地域の食文化」における食品の選択や，(4)「衣服の選択と手入れ」における衣服の選択の学習などとの関連を図るようにする。
948,MD,1,購入方法や支払い方法の特徴が分かり，計画的な金銭管理の必要性について理解すること。
949,MD,1,キャッシュレス化の進行に伴って多様化した購入方法や支払い方法の特徴が分かり，収支のバランスを図るためには，生活に必要な物資・サービスについて金銭の流れを把握し，多様な支払い方法に応じた計画的な金銭管理が必要であることについて理解できるようにする。
950,MD,1,購入方法の特徴については，インターネットを介した通信販売などの無店舗販売を取り上げ，利点と問題点について理解できるようにする。
951,MD,1,支払い方法の特徴については，支払い時期(前払い，即時払い，後払い)の違いによる特徴が分かるようにするとともに，クレジットカードによる三者間契約を取り上げ，二者間契約と比較しながら利点と問題点について理解できるようにする。
952,MD,1,計画的な金銭管理の必要性については，収支のバランスを図るために，生活に必要な物資・サービスについての金銭の流れを把握し，多様な支払い方法に応じた計画的な金銭管理が必要であることを理解できるようにする。
953,MD,1,生活に必要な物資・サービスには，衣食住や，電気，ガス，水，交通などのライフラインに係る必需的なものや，教養娯楽や趣味などに係る選択的なものがあることに気付くようにする。
954,MD,1,インターネットで購入する場合と店舗で購入する場合，現金による即時払いとクレジットによる後払いの利点及び問題点を比較する活動などが考えられる。
955,MD,1,計画的な金銭管理については，生活に必要な物資・サービスの購入や支払い場面を具体的に想定して学習を展開するよう配慮し，高等学校における長期的な経済計画や家計収支等についての学習につながるようにする。
956,MD,1,自分や家族が毎日生活するために消費している物資・サービスを具体的に挙げ，それらの必要性を考えて分類し，限られた収入をどのように使うのかをグループで話し合い，調整する活動などが考えられる。
957,MD,1,売買契約の仕組み，消費者被害の背景とその対応について理解し，物資・サービスの選択に必要な情報の収集・整理が適切にできること。
958,MD,1,売買契約の仕組みと関連させ，消費者被害が発生する背景及び被害を回避する方法や適切な対応の仕方について理解できるようにする。
959,MD,1,購入しようとする物資・サービスの選択に必要な情報の収集・整理を適切にできるようにする。
960,MD,1,売買契約の仕組みについては，契約が法律に則ったきまりであり，売買契約が成立するためには買主及び売主の合意が必要であることや，既に成立している契約には法律上の責任が伴うため，消費者の一方的な都合で取り消すことができないことを理解できるようにする。
961,MD,1,その際，未成年・成年の法律上の責任の違いについても触れるようにする。
962,MD,1,インターネットを介した通信販売は，売買契約であること，クレジットカードによる支払いは，三者間契約であることについても理解できるようにする。
963,MD,1,売買契約については，両者が対等な立場で契約に臨むことが公正な取引の前提であり，消費者の意志が尊重されなければならないことに触れるようにする。
964,MD,1,消費者にとって熟慮する時間が短かったり，必要な情報が与えられなかったりする場合に，消費者被害に結び付きやすいことに気付くようにする。
965,MD,1,消費者被害が消費者と事業者(生産者，販売者等)の間にある情報量などの格差によって発生することを理解できるようにする。
966,MD,1,消費者被害への対応については，消費者と事業者が対等な立場で結んだ公正な売買契約であるかどうかを判断する必要性について理解できるようにする。
967,MD,1,誤った使い方などによる被害を防ぐためには，消費者が説明書や表示，契約内容を確認することが重要であることに気付くようにする。
968,MD,1,消費者支援の具体例として，地域の消費生活センターなどの各種相談機関やクーリング・オフ制度を取り上げる。
969,MD,1,消費者を支援する仕組みがあるのは，消費生活に係る被害を未然に防いだり，問題が発生した場合に適切に対応して被害を拡大させないようにしたりするためであることを理解できるようにする。
970,MD,1,通信販売には，クーリング・オフ制度が適用されないことについても触れるようにする。
971,MD,1,被害にあった場合の対応については，保護者など身近な大人に相談する必要があることに気付くようにし，地域の相談機関の連絡先や場所などの具体的な情報についても触れるようにする。
972,MD,1,物資・サービスの選択に必要な情報の収集・整理については，選択のための意思決定に必要な安全性，機能，価格，環境への配慮，アフターサービス等の観点について理解できるようにするとともに，関連する品質表示や成分表示，各種マークについても触れるようにする。
973,MD,1,広告やパンフレットなどの情報源から，偏りなく情報を収集し，購入目的に応じた観点で適切に整理し，比較検討できるようにする。
974,MD,1,物資・サービスの選択・購入に必要な情報の収集・整理を適切に行うことが，消費者被害を未然に防いだり，購入後の満足感を高めたりすることにも気付くようにする。
975,MD,1,指導に当たっては，売買契約の仕組みについては，消費者被害と関連させて扱うよう配慮する。
976,MD,1,解決方法については，コンピュータなどの情報手段を活用して調べたり，広告やパンフレットなどで関連する情報を集めたりする活動や，それらを吟味するための意見交換などを通して，検討できるようにする。
977,MD,1,購入の目的に合っているかどうか，結果に対する満足度が高いかどうかなどについて，既習事項や自分の生活と関連付けて考え，適切な解決方法を選び，実践に向けて具体的に購入計画を立てることができるようにする。
978,MD,1,購入計画の評価・改善については，目的に合っているかどうかなどを振り返って評価し，実践発表会などを通して，改善方法について考えることができるようにする。
979,MD,1,使用目的や予算，支払い方法などの条件を設定し，どこで，どのような購入の仕方をすることが目的に合っているのかを考え，発表し合う活動などが考えられる。
980,MD,1,身近な消費生活について，自立した消費者としての責任ある消費行動を考え，工夫すること。
981,MD,1,消費者の権利と責任について，課題をもって，消費者の基本的な権利と責任に関する基礎的・基本的な知識を身に付け，消費生活が環境や社会に及ぼす影響についての理解を深め，自立した消費者としての責任ある消費行動を工夫することができるようにすることをねらいとしている。
982,MD,1,身近な消費生活を工夫し創造しようとする実践的な態度の育成を図ることが考えられる。
983,MD,1,消費者の基本的な権利と責任，自分や家族の消費生活が環境や社会に及ぼす影響について理解すること。
984,MD,1,消費者の基本的な権利と責任については，消費者基本法の趣旨を踏まえ，その内容を具体的に理解できるようにする。
985,MD,1,物資・サービスを購入する際には，必要な情報が与えられたり，自由に選んだりする権利が保障されるとともに，情報をよく調べたり確かめたりするなど批判的な意識をもつ責任が生じることなどを理解できるようにする。
986,MD,1,消費者が，購入した物資・サービスに不具合があったり，被害にあったりした場合に，そのことについて適切に主張し行動する責任を果たすことなどが，消費者被害の拡大を防ぐことについて気付くようにする。
987,MD,1,自分や家族の消費生活が環境や社会に及ぼす影響については，物資・サービスの購入から廃棄までの自分や家族の消費行動が，環境への負荷を軽減させたり，企業への働きかけとなって商品の改善につながったりすることなどを理解できるようにする。
988,MD,1,環境への負荷を軽減させることについては，電気，ガス，水をはじめ，衣食住に関わる多くのものが限りある資源であり，それらを有効に活用するためには，自分や家族の消費行動が環境に与える影響を自覚し，自分だけでなく多くの人が行ったり，長期にわたって続けたりすることが大切である。
989,MD,1,商品の改善につながることについては，品質や価格などの情報に疑問や関心をもったり，消費者の行動が社会に影響を与えていることを自覚したりして，よく考えて購入することが大切であることにも気付くようにする。
990,MD,1,調理実習で使う食材や製作で用いる材料などをどのように選ぶのかについて，資源や環境への配慮や，社会に及ぼす影響などの観点から話し合う活動などが考えられる。
991,MD,1,自分や家族の消費生活について多様な観点で振り返ることを通して，消費生活の在り方やライフスタイルの改善に向けて検討できるようにする。
992,MD,1,家庭分野及び他教科等の既習事項や，自分の生活経験と関連付けて考え，適切な解決方法を選び，実践に向けて具体的に計画を立てることができるようにする。
993,MD,1,環境負荷の小さいものを消費することの効果など，消費者としての責任ある消費行動について実践できることを発表し合ったり，家庭生活で使用されている電気，ガス，水など，限りある資源を有効に利用するための生活の仕方について実践できることを話し合ったりする活動などが考えられる。
994,MD,1,自分や家族の消費生活の中から問題を見いだして課題を設定し，その解決に向けて環境に配慮した消費生活を考え，計画を立てて実践できること。
995,MD,1, (2)家庭分野の内容の「A家族・家庭生活」の(4)，「B衣食住の生活」の(7)及び「C消費生活・環境」の(3)については，これら三項目のうち，一以上を選択し履修させること。
996,MD,1,自分や家族の消費生活の中から問題を見いだして課題を設定し，その解決に向けて環境に配慮した消費生活を考え，計画を立てて実践できること。
997,MD,1,C(1)「金銭の管理と購入」とA(3)「家族・家庭や地域との関わり」との関連を図り，家族の話し合いなどを通して，家電製品などを購入することを課題として設定し，必要な情報を収集・整理し，購入方法や支払い方法について計画を立てて実践する活動などが考えられる。
998,MD,1,家電製品など，高価な商品の購入を課題とする場合には，実際に購入するのではなく，情報を収集・整理して，購入する物資・サービスを判断し決定するまでを扱い，学習活動を目的に過度な費用の負担等がかからないよう十分留意する。
999,MD,1,消費者被害や，自分や家族の消費生活が環境や社会に及ぼす影響などについて科学的な理解を深めるために，調査や実験などの実践的・体験的な活動を充実することが大切である。
1000,MD,1,消費者被害の背景に関するデータを調査してまとめたり，生活排水や消費電力等に関する実験をしたりする活動などが考えられる。
1001,MD,1,習得した知識及び技能などを活用し，これからの生活を展望して課題を解決する力と実践的な態度を育むことの必要性から，「生活の課題と実践」に当たる三項目については，一以上選択して履修させることとした。
1002,MD,1,「主体的な学び」とは，現在及び将来を見据えて，生活や社会の中から問題を見いだし課題を設定し，見通しをもって解決に取り組むとともに，学習の過程を振り返って実践を評価・改善して，新たな課題に主体的に取り組む態度を育む学びである。
1003,MD,1,学習した内容を実際の生活で生かす場面を設定し，自分の生活が家庭や地域社会と深く関わっていることを認識したり，自分が社会に参画し貢献できる存在であることに気付いたりする活動に取り組むことなどが考えられる。
1004,MD,1,「対話的な学び」とは，他者と対話したり協働したりする中で，自らの考えを明確にしたり，広げ深めたりする学びである。
1005,MD,1,内容の「A家族・家庭生活」の(4)，「B衣食住の生活」の(7)及び「C消費生活・環境」の(3)については，これら三項目のうち，一以上の項目を選択して履修させるようにする。
1006,MD,1,題材とは，教科の目標及び各分野の目標の実現を目指して，各項目に示される指導内容を指導単位にまとめて組織したものである。
1007,MD,1,家庭分野においては，例えば，「C消費生活・環境」の(1)及び(2)については，内容の「A家族・家庭生活」又は「B衣食住の生活」との関連を図り，題材を設定することが考えられる。
1008,MD,1,生活を工夫し創造する資質・能力を身に付けることは，望ましい生活習慣を身に付けるとともに，勤労の尊さや意義を理解することにつながるものである。
1009,MD,1,進んで生活を工夫し創造しようとする資質・能力を育てることは，家族への敬愛の念を深めるとともに，家庭や地域社会の一員としての自覚をもって自分の生き方を考え，生活や社会をよりよくしようとすることにつながるものである。
1010,MD,1,家庭分野の「A家族・家庭生活」の(3)家族・家庭や地域との関わりの学習において，道徳科の「家族愛，家庭生活の充実」で用いた教材を活用し，指導することなどが考えられる。
1011,MD,1,衣食住やものづくりなどに関する実習等の結果を整理し考察する学習活動や，生活や社会における課題を解決するために言葉や図表，概念などを用いて考えたり，説明したりするなどの学習活動の充実を図ること。
1012,MD,1,基礎的・基本的な知識及び技能を習得し，基本的な概念などの理解を深めるとともに，仕事の楽しさや完成の喜びを体得させるよう，実践的・体験的な活動を充実すること。
1013,MD,1,生徒のキャリア発達を踏まえて学習内容と将来の職業の選択や生き方との関わりについても扱うこと。
1014,MD,1,学習した知識及び技能を生活に活用したり，生活や社会の変化に対応したりすることができるよう，生活や社会の中から問題を見いだして課題を設定し解決する学習活動を充実するとともに，家庭や地域社会，企業などとの連携を図るよう配慮すること。
1015,MD,1,言語は，自分の考えをまとめたり発表したりするなどの知的活動の基盤であり，人と人とをつなぐ意思の伝達機能，さらには，感性・情緒の基盤としての役割をもつ。
1016,MD,1,今回の改訂においても，思考力，判断力，表現力等を育むために，レポートの作成や論述といった知識及び技能を活用する場面を設定するなど，言語の能力を高める学習活動を重視している。
1017,MD,1,技術・家庭科においても，国語科で培った能力を基本に，知的活動の基盤という言語の役割の観点から，実習等の結果を整理し考察するといった学習活動を充実する必要がある。
1018,MD,1,また，技術・家庭科の特質を踏まえ，生活における課題を解決するために，言葉だけでなく，設計図や献立表といった図表及び衣食住やものづくりに関する概念などを用いて考えたり，説明したりするなどの学習活動も充実する必要がある。
1019,MD,1,これらの言語活動の充実によって，ねらいの定着を一層確実にすることができる。
1020,MD,1,なお，技術・家庭科で重視している実践的・体験的な活動は，様々な語彙の意味を実感を伴って理解させるという効果もある。
1021,MD,1,各項目の指導内容との関わり及び国語科をはじめとする他教科等との関連も踏まえ，言語の能力を高める学習活動を指導計画に位置付けておくことが大切である。
1022,MD,1,生活や社会の中から問題を見いだして課題を解決する活動の中で，課題の設定や解決策の具体化のために，情報通信ネットワークを活用して情報を収集・整理したり，実践の結果をコンピュータを用いて分かりやすく編集し，発表したりするなどの工夫が必要である。
1023,MD,1,実践的・体験的な活動を通して生活に必要な基礎的・基本的な知識及び技能を身に付けさせ，生活や社会の中から問題を見いだして解決する力を養うことによって，現在及び将来にわたる実際の生活の場で学習したことが生きて働く力となることをねらいとしている。
1024,MD,1,生活に必要な基礎的・基本的な知識及び技能は，実習や体験等の活動を通して習得するものであり，従来から実践的・体験的な活動を重視している。
1025,MD,1,各分野の目標にも「実践的・体験的な活動を通して」と示されており，直接体験することにより，具体的に考えよりよい行動の仕方を身に付けるとともに，知識及び技能の習得，基本的な概念の理解などを確かなものにすることが明確に示されている。
1026,MD,1,仕事が楽しいと感じること，自分が作品を完成させることができた，課題を解決できたという達成感を味わうことは，知識及び技能を習得できたという喜びと習得した知識及び技能の意義を実感する機会でもある。
1027,MD,1,学習意欲を向上させる観点からも，実践的・体験的な活動を重視することとしている。
1028,MD,1,したがって，指導に当たっては，実践的・体験的な活動を中心とし，学習の中で習得した知識及び技能を生活の場で生かせるよう，生徒の実態を踏まえた具体的な学習活動を設定することが必要である。
1029,MD,1,製作，制作，育成，調理等の実習や，観察・実験，見学，調査・研究など，それぞれの特徴を生かした適切な学習活動を設定し，指導の効果を高めるようにする。
1030,MD,1,基礎的なものから応用的なものへ，簡単なものから難しいものへと発展させ，無理なく学習が進められるよう配慮して，学習の充実感を味わわせるとともに，発達の段階に応じた適切な資質・能力が身に付くよう配慮することが重要である。
1031,MD,1,キャリア教育との関連については，今回の改訂において重視された，一人一人に社会的・職業的自立に向けて必要な基盤となる能力や態度を育みキャリア発達を促す観点から，特質を踏まえた指導の改善を図ることが必要である。
1032,MD,1,産業構造の変化等の社会の変化を踏まえ，我が国に根付いているものづくりの文化，働くことの意義の理解，他者と協働して粘り強く物事を前に進めようとする態度，安全な生活や社会づくりに貢献しようとする態度を育む。
1033,MD,1,そのために，保育士や栄養士など，学習内容に係る職業に携わる人材を活用し，話を聞くなどの活動を通して，職業観や勤労観を育成することにも配慮することが大切である。
1034,MD,1,発達の段階によっては，問題を見いだしたり，課題を設定したりすることが困難な場合も考えられる。
1035,MD,1,よりよい生活の実現や持続可能な社会の構築に向けて，将来にわたって変化し続ける社会に主体的に対応していくためには，生活を営む上で生じる問題を見いだして課題を設定し，自分なりの判断をして解決することができる能力，すなわち問題解決能力をもつことが必要である。
1036,MD,1,自らが問題を見いだして適切な課題を設定し，学習した知識及び技能を活用し主体的・意欲的に課題解決に取り組み，解決のための方策を探るなどの学習を繰り返し行うことが大切である。
1037,MD,1,指導を通して育てたい資質・能力と各項目の指導内容との関わり及び指導の時期を明確にした学年間の指導計画を作成するとともに，具体的な学習過程を工夫したり，思考を促す発問の工夫など日々の学習指導の在り方を改善したりするなどの意図的・計画的な授業設計が必要である。
1038,MD,1,学習指導を進めるに当たっては，今回の改訂で重視された生活や社会の中から問題を見いだして課題を解決し，生活を工夫し創造する資質・能力を育むための指導を充実させることが必要である。
1039,MD,1,家庭や地域社会における身近な課題を取り上げて学習したり，学習した知識及び技能を実際の生活で生かす場面を工夫したりするなど，生徒が学習を通して身に付けた資質・能力を生活や社会における問題解決の場面に活用できるような指導が求められる。
1040,MD,1,生徒が学習を通して身に付けた資質・能力を生活や社会における問題解決の場面に活用できるような指導が求められる。
1041,MD,1,したがって，技術・家庭科の指導計画の作成に当たっては，学校，地域の実態を踏まえ，家庭や地域社会，企業などと効果的に連携が図れる題材を必要に応じて設定するなど，身に付けた資質・能力を生活に活用できるよう配慮する。
1042,MD,1,家庭分野の指導事項「生活の課題と実践」においては，家庭や地域社会との連携を積極的に図り，効果的に学習が進められるよう配慮する必要がある。
1043,MD,1,学習したことを衣食住などの生活に生かし継続的に実践を行うことによって，知識及び技能などの定着を図るとともに，学習した内容を深化・発展させたり，生活の価値に気付かせたり，生活の自立や将来の生活への展望をもたせたりすることができる。
1044,MD,1,実習の指導に当たっては，施設・設備の安全管理に配慮し，学習環境を整備するとともに，火気，用具，材料などの取扱いに注意して事故防止の指導を徹底し，安全と衛生に十分留意するものとする。
1045,MD,1,家庭分野においては，幼児や高齢者と関わるなど校外での学習について，事故の防止策及び事故発生時の対応策等を綿密に計画するとともに，相手に対する配慮にも十分留意するものとする。
1046,MD,1,製作，制作，育成，調理等の実習の指導において，機器類，刃物類，引火性液体，電気，ガス，火気などを取り扱うため，安全の保持に十分留意して学習指導を行う必要がある。
1047,MD,1,機器類を取り扱う際には，取扱説明書等に基づき適切な使用方法を遵守させるなど，事故防止に万全の注意を払うとともに，以下の点に留意する必要がある。
1048,MD,1,また，設備の管理では，機器類の定期的な点検及び学習前の点検を行い，常に最良の状況を保持できるように留意する。
1049,MD,1,ガス管が設備された実習室では，露出しているガス管の点検を定期的に行うなど，各実習室の安全管理に必要とされる事項を具体化し，それに基づき管理するようにする。
1050,MD,1,材料や用具の管理材料や用具の管理は，学習効果を高めるとともに，作業の能率，衛生管理，事故防止にも関係しているので，実習等で使用する材料の保管，用具の手入れなど適切に行うようにする。
1051,MD,1,調理実習では，火気，包丁，食品などについての安全と衛生に留意し，食品の購入や管理を適切に行うよう十分に留意する。
1052,MD,1,廃棄物や残菜物については，持続可能な社会の構築に関連付けてその有効利用に努めるとともに，廃棄する場合は，自治体の分別方法等に対応して処理するようにする。
1053,MD,1,栽培や飼育の実習では，実習後の土壌や資材等の処理について，地域の生態系へ影響を及ぼさないよう留意し，自治体の処理方法等に対応して処理するようにする。
1054,MD,1,実習室の使用等各学校の実態に即して実習室の使用規定や機器類の使用等に関する安全規則を定め，これらを指導計画の中に位置付けて指導の徹底を図るようにする。
1055,MD,1,事故・災害が発生した場合の応急処置と連絡の徹底等，緊急時の対応についても指導する。
1056,MD,1,服装については，活動しやすいものを身に付けさせ，安全と衛生に配慮するようにする。
1057,MD,1,機器類の操作場面では，皮膚を露出しない作業着等を着用させたり，作業内容に応じて防護眼鏡，防塵マスク，手袋などの適切な保護具を着けさせたりする。
1058,MD,1,また，作業後には手洗いを励行させるなど，衛生・健康面にも配慮するように指導する。
1059,MD,1,食品を扱う場面では，エプロンや三角巾を着用させて，清潔を保つようにするとともに，手洗いを励行させるなど衛生面に配慮するように指導する。
1060,MD,1,調理実習で扱う食材にアレルギーの原因となる物質を含む食品が含まれていないかを確認する。
1061,MD,1,学習の対象が幼児や高齢者など人である場合には，相手に対する配慮や安全の確保などに十分気を配るように指導する。
1062,MD,1,校外での活動を計画する際には，校内での活動と同様に，事故を予見する力が求められる。